#
# There is insufficient memory for the Java Runtime Environment to continue.
# Native memory allocation (mmap) failed to map 303038464 bytes for G1 virtual space
# Possible reasons:
#   The system is out of physical RAM or swap space
#   The process is running with CompressedOops enabled, and the Java Heap may be blocking the growth of the native heap
# Possible solutions:
#   Reduce memory load on the system
#   Increase physical memory or swap space
#   Check if swap backing store is full
#   Decrease Java heap size (-Xmx/-Xms)
#   Decrease number of Java threads
#   Decrease Java thread stack sizes (-Xss)
#   Set larger code cache with -XX:ReservedCodeCacheSize=
#   JVM is running with Unscaled Compressed Oops mode in which the Java heap is
#     placed in the first 4GB address space. The Java Heap base address is the
#     maximum limit for the native heap growth. Please use -XX:HeapBaseMinAddress
#     to set the Java Heap base and to place the Java Heap above 4GB virtual address.
# This output file may be truncated or incomplete.
#
#  Out of Memory Error (os_windows.cpp:3528), pid=13616, tid=1088
#
# JRE version: Java(TM) SE Runtime Environment (20.0.1+9) (build 20.0.1+9-29)
# Java VM: Java HotSpot(TM) 64-Bit Server VM (20.0.1+9-29, mixed mode, sharing, tiered, compressed oops, compressed class ptrs, g1 gc, windows-amd64)
# No core dump will be written. Minidumps are not enabled by default on client versions of Windows
#

---------------  S U M M A R Y ------------

Command Line: --add-opens=java.base/java.lang=ALL-UNNAMED --add-opens=java.base/java.lang.invoke=ALL-UNNAMED --add-opens=java.base/java.util=ALL-UNNAMED --add-opens=java.prefs/java.util.prefs=ALL-UNNAMED --add-exports=jdk.compiler/com.sun.tools.javac.api=ALL-UNNAMED --add-exports=jdk.compiler/com.sun.tools.javac.util=ALL-UNNAMED --add-opens=java.base/java.util=ALL-UNNAMED --add-opens=java.prefs/java.util.prefs=ALL-UNNAMED --add-opens=java.base/java.nio.charset=ALL-UNNAMED --add-opens=java.base/java.net=ALL-UNNAMED --add-opens=java.base/java.util.concurrent.atomic=ALL-UNNAMED --add-opens=java.xml/javax.xml.namespace=ALL-UNNAMED -XX:MaxMetaspaceSize=512m -Xmx2048m -Dfile.encoding=UTF-8 -Duser.country=FR -Duser.language=fr -Duser.variant -javaagent:C:\Users\LENOVO\.gradle\wrapper\dists\gradle-8.14.3-bin\cv11ve7ro1n3o1j4so8xd9n66\gradle-8.14.3\lib\agents\gradle-instrumentation-agent-8.14.3.jar org.gradle.launcher.daemon.bootstrap.GradleDaemon 8.14.3

Host: Intel(R) Celeron(R) N4020 CPU @ 1.10GHz, 2 cores, 3G,  Windows 11 , 64 bit Build 26100 (10.0.26100.7705)
Time: Tue Feb 17 15:19:03 2026 Afr. centrale Ouest elapsed time: 2003.152388 seconds (0d 0h 33m 23s)

---------------  T H R E A D  ---------------

Current thread (0x0000017054fc5db0):  VMThread "VM Thread" [stack: 0x00000057ba800000,0x00000057ba900000] [id=1088]

Stack: [0x00000057ba800000,0x00000057ba900000]
Native frames: (J=compiled Java code, j=interpreted, Vv=VM code, C=native code)
V  [jvm.dll+0x6bb95a]
V  [jvm.dll+0x8485fa]
V  [jvm.dll+0x84a1f5]
V  [jvm.dll+0x84a8f3]
V  [jvm.dll+0x280b0f]
V  [jvm.dll+0x6b86e9]
V  [jvm.dll+0x6ad2da]
V  [jvm.dll+0x35adf5]
V  [jvm.dll+0x363016]
V  [jvm.dll+0x3b3b3e]
V  [jvm.dll+0x3b3dc5]
V  [jvm.dll+0x32b50a]
V  [jvm.dll+0x32b5b7]
V  [jvm.dll+0x373942]
V  [jvm.dll+0x372140]
V  [jvm.dll+0x32ac51]
V  [jvm.dll+0x371836]
V  [jvm.dll+0x85023e]
V  [jvm.dll+0x851351]
V  [jvm.dll+0x851859]
V  [jvm.dll+0x851ad3]
V  [jvm.dll+0x7f4b56]
V  [jvm.dll+0x6ba5cb]
C  [ucrtbase.dll+0x37b0]
C  [KERNEL32.DLL+0x2e8d7]
C  [ntdll.dll+0x8c40c]

VM_Operation (0x00000057bbbf29d0): G1CollectForAllocation, mode: safepoint, requested by thread 0x000001705af03050


---------------  P R O C E S S  ---------------

Threads class SMR info:
_java_thread_list=0x000001707362fc10, length=75, elements={
0x00000170393b2630, 0x0000017054ff01e0, 0x0000017054ff0cc0, 0x0000017054ff3fc0,
0x0000017054ff4900, 0x0000017054ff5240, 0x0000017054ff5b80, 0x0000017054ff67f0,
0x0000017054ffdd40, 0x0000017054fb6190, 0x00000170595de590, 0x000001705ae66360,
0x000001705adcae70, 0x00000170597447b0, 0x000001705af68410, 0x000001705af68960,
0x000001705af05030, 0x000001705af03050, 0x000001705af035a0, 0x000001705af05580,
0x000001705af03af0, 0x000001705af04040, 0x000001705af04590, 0x000001705af025b0,
0x000001705cac1550, 0x000001705cabead0, 0x000001705cac1ff0, 0x000001705cac2a90,
0x000001705cac0010, 0x000001705cabf020, 0x000001705cac3a80, 0x000001705cac3fd0,
0x000001705cac6500, 0x000001705cac4fc0, 0x000001705c0c6060, 0x000001705cac5fb0,
0x000001705af02060, 0x000001705e328040, 0x000001705e327050, 0x000001705e329030,
0x000001705c0c9030, 0x000001705c9c7120, 0x000001705c9c9ba0, 0x000001705c9c8bb0,
0x000001705c9cab90, 0x000001705c9cb0e0, 0x000001705c9c7670, 0x000001705c9cdb60,
0x000001705c9cd0c0, 0x000001705cabf570, 0x000001705cac4520, 0x000001706cbccdd0,
0x000001705c0c7af0, 0x000001705c0c75a0, 0x000001705c0c8040, 0x000001705c0cda90,
0x000001705cabfac0, 0x000001705cac0ab0, 0x000001706c2bda10, 0x000001706c2b9fa0,
0x000001706c2bdf60, 0x000001706c2bb4e0, 0x000001706c2bba30, 0x000001706c2c09e0,
0x000001706c2b9a50, 0x000001706c2bf9f0, 0x000001706c2bea00, 0x000001706c2c0f30,
0x000001706c2c0490, 0x000001706cbc9360, 0x000001706cbc7380, 0x000001706cbc98b0,
0x000001705c9cc0d0, 0x000001705c9c9650, 0x0000017073652340
}

Java Threads: ( => current thread )
  0x00000170393b2630 JavaThread "main" [_thread_blocked, id=14940, stack(0x00000057ba200000,0x00000057ba300000)]
  0x0000017054ff01e0 JavaThread "Reference Handler" daemon [_thread_blocked, id=13536, stack(0x00000057ba900000,0x00000057baa00000)]
  0x0000017054ff0cc0 JavaThread "Finalizer" daemon [_thread_blocked, id=8272, stack(0x00000057baa00000,0x00000057bab00000)]
  0x0000017054ff3fc0 JavaThread "Signal Dispatcher" daemon [_thread_blocked, id=1564, stack(0x00000057bab00000,0x00000057bac00000)]
  0x0000017054ff4900 JavaThread "Attach Listener" daemon [_thread_blocked, id=12216, stack(0x00000057bac00000,0x00000057bad00000)]
  0x0000017054ff5240 JavaThread "Service Thread" daemon [_thread_blocked, id=4288, stack(0x00000057bad00000,0x00000057bae00000)]
  0x0000017054ff5b80 JavaThread "Monitor Deflation Thread" daemon [_thread_blocked, id=7916, stack(0x00000057bae00000,0x00000057baf00000)]
  0x0000017054ff67f0 JavaThread "C2 CompilerThread0" daemon [_thread_blocked, id=1512, stack(0x00000057baf00000,0x00000057bb000000)]
  0x0000017054ffdd40 JavaThread "C1 CompilerThread0" daemon [_thread_blocked, id=9244, stack(0x00000057bb000000,0x00000057bb100000)]
  0x0000017054fb6190 JavaThread "Common-Cleaner" daemon [_thread_blocked, id=10748, stack(0x00000057bb100000,0x00000057bb200000)]
  0x00000170595de590 JavaThread "Notification Thread" daemon [_thread_blocked, id=8616, stack(0x00000057bb200000,0x00000057bb300000)]
  0x000001705ae66360 JavaThread "Daemon health stats" [_thread_blocked, id=10840, stack(0x00000057bb500000,0x00000057bb600000)]
  0x000001705adcae70 JavaThread "Incoming local TCP Connector on port 51372" [_thread_in_native, id=14080, stack(0x00000057bb600000,0x00000057bb700000)]
  0x00000170597447b0 JavaThread "Daemon periodic checks" [_thread_blocked, id=8600, stack(0x00000057bb700000,0x00000057bb800000)]
  0x000001705af68410 JavaThread "Daemon" [_thread_blocked, id=12232, stack(0x00000057bb800000,0x00000057bb900000)]
  0x000001705af68960 JavaThread "Handler for socket connection from /127.0.0.1:51372 to /127.0.0.1:51373" [_thread_in_native, id=3628, stack(0x00000057bb900000,0x00000057bba00000)]
  0x000001705af05030 JavaThread "Cancel handler" [_thread_blocked, id=15140, stack(0x00000057bba00000,0x00000057bbb00000)]
  0x000001705af03050 JavaThread "Daemon worker" [_thread_blocked, id=8512, stack(0x00000057bbb00000,0x00000057bbc00000)]
  0x000001705af035a0 JavaThread "Asynchronous log dispatcher for DefaultDaemonConnection: socket connection from /127.0.0.1:51372 to /127.0.0.1:51373" [_thread_blocked, id=12472, stack(0x00000057bbc00000,0x00000057bbd00000)]
  0x000001705af05580 JavaThread "Stdin handler" [_thread_blocked, id=4424, stack(0x00000057bbd00000,0x00000057bbe00000)]
  0x000001705af03af0 JavaThread "Daemon client event forwarder" [_thread_blocked, id=8588, stack(0x00000057bbe00000,0x00000057bbf00000)]
  0x000001705af04040 JavaThread "Cache worker for journal cache (C:\Users\LENOVO\.gradle\caches\journal-1)" [_thread_blocked, id=3992, stack(0x00000057bc000000,0x00000057bc100000)]
  0x000001705af04590 JavaThread "File lock request listener" [_thread_in_native, id=9644, stack(0x00000057bc100000,0x00000057bc200000)]
  0x000001705af025b0 JavaThread "Cache worker for file hash cache (C:\Users\LENOVO\.gradle\caches\8.14.3\fileHashes)" [_thread_blocked, id=1048, stack(0x00000057bc200000,0x00000057bc300000)]
  0x000001705cac1550 JavaThread "Cache worker for file hash cache (C:\Users\LENOVO\Desktop\pack_and_go\android\.gradle\8.14.3\fileHashes)" [_thread_blocked, id=13468, stack(0x00000057bc300000,0x00000057bc400000)]
  0x000001705cabead0 JavaThread "Cache worker for Build Output Cleanup Cache (C:\Users\LENOVO\Desktop\pack_and_go\android\.gradle\buildOutputCleanup)" [_thread_blocked, id=324, stack(0x00000057bc400000,0x00000057bc500000)]
  0x000001705cac1ff0 JavaThread "File watcher server" daemon [_thread_in_native, id=1280, stack(0x00000057bc500000,0x00000057bc600000)]
  0x000001705cac2a90 JavaThread "File watcher consumer" daemon [_thread_blocked, id=6276, stack(0x00000057bc600000,0x00000057bc700000)]
  0x000001705cac0010 JavaThread "jar transforms" [_thread_blocked, id=9876, stack(0x00000057bc700000,0x00000057bc800000)]
  0x000001705cabf020 JavaThread "jar transforms Thread 2" [_thread_blocked, id=1728, stack(0x00000057bc800000,0x00000057bc900000)]
  0x000001705cac3a80 JavaThread "Cache worker for checksums cache (C:\Users\LENOVO\Desktop\pack_and_go\android\.gradle\8.14.3\checksums)" [_thread_blocked, id=8284, stack(0x00000057bca00000,0x00000057bcb00000)]
  0x000001705cac3fd0 JavaThread "Cache worker for file content cache (C:\Users\LENOVO\.gradle\caches\8.14.3\fileContent)" [_thread_blocked, id=14724, stack(0x00000057bcb00000,0x00000057bcc00000)]
  0x000001705cac6500 JavaThread "Cache worker for cache directory md-supplier (C:\Users\LENOVO\.gradle\caches\8.14.3\md-supplier)" [_thread_blocked, id=15116, stack(0x00000057ba100000,0x00000057ba200000)]
  0x000001705cac4fc0 JavaThread "Cache worker for cache directory md-rule (C:\Users\LENOVO\.gradle\caches\8.14.3\md-rule)" [_thread_blocked, id=1268, stack(0x00000057bcf00000,0x00000057bd000000)]
  0x000001705c0c6060 JavaThread "Cache worker for Build Output Cleanup Cache (C:\Users\LENOVO\Desktop\pack_and_go\node_modules\@react-native\gradle-plugin\.gradle\buildOutputCleanup)" [_thread_blocked, id=4732, stack(0x00000057bd000000,0x00000057bd100000)]
  0x000001705cac5fb0 JavaThread "Unconstrained build operations" [_thread_blocked, id=13628, stack(0x00000057bbf00000,0x00000057bc000000)]
  0x000001705af02060 JavaThread "Unconstrained build operations Thread 2" [_thread_blocked, id=12180, stack(0x00000057bcc00000,0x00000057bcd00000)]
  0x000001705e328040 JavaThread "Unconstrained build operations Thread 3" [_thread_blocked, id=12820, stack(0x00000057bcd00000,0x00000057bce00000)]
  0x000001705e327050 JavaThread "Kotlin DSL Writer" [_thread_blocked, id=10760, stack(0x00000057bce00000,0x00000057bcf00000)]
  0x000001705e329030 JavaThread "Cache worker for Build Output Cleanup Cache (C:\Users\LENOVO\Desktop\pack_and_go\node_modules\expo-modules-autolinking\android\expo-gradle-plugin\.gradle\buildOutputCleanup)" [_thread_blocked, id=13184, stack(0x00000057bd100000,0x00000057bd200000)]
  0x000001705c0c9030 JavaThread "Kotlin DSL Writer" [_thread_blocked, id=5760, stack(0x00000057bd300000,0x00000057bd400000)]
  0x000001705c9c7120 JavaThread "Unconstrained build operations Thread 4" [_thread_blocked, id=12488, stack(0x00000057bd400000,0x00000057bd500000)]
  0x000001705c9c9ba0 JavaThread "Unconstrained build operations Thread 5" [_thread_blocked, id=4324, stack(0x00000057bd500000,0x00000057bd600000)]
  0x000001705c9c8bb0 JavaThread "Unconstrained build operations Thread 6" [_thread_blocked, id=5524, stack(0x00000057bd600000,0x00000057bd700000)]
  0x000001705c9cab90 JavaThread "Unconstrained build operations Thread 7" [_thread_blocked, id=13456, stack(0x00000057bd700000,0x00000057bd800000)]
  0x000001705c9cb0e0 JavaThread "Unconstrained build operations Thread 8" [_thread_blocked, id=9776, stack(0x00000057bd800000,0x00000057bd900000)]
  0x000001705c9c7670 JavaThread "Unconstrained build operations Thread 9" [_thread_blocked, id=15072, stack(0x00000057bd900000,0x00000057bda00000)]
  0x000001705c9cdb60 JavaThread "Unconstrained build operations Thread 10" [_thread_blocked, id=10272, stack(0x00000057bc900000,0x00000057bca00000)]
  0x000001705c9cd0c0 JavaThread "Unconstrained build operations Thread 11" [_thread_blocked, id=11292, stack(0x00000057bd200000,0x00000057bd300000)]
  0x000001705cabf570 JavaThread "build event listener" [_thread_blocked, id=1852, stack(0x00000057bdc00000,0x00000057bdd00000)]
  0x000001705cac4520 JavaThread "Memory manager" [_thread_blocked, id=14128, stack(0x00000057bdd00000,0x00000057bde00000)]
  0x000001706cbccdd0 JavaThread "Unconstrained build operations Thread 12" [_thread_blocked, id=11368, stack(0x00000057bde00000,0x00000057bdf00000)]
  0x000001705c0c7af0 JavaThread "build event listener" [_thread_blocked, id=1060, stack(0x00000057bdf00000,0x00000057be000000)]
  0x000001705c0c75a0 JavaThread "Unconstrained build operations Thread 13" [_thread_blocked, id=7036, stack(0x00000057be000000,0x00000057be100000)]
  0x000001705c0c8040 JavaThread "Unconstrained build operations Thread 14" [_thread_blocked, id=3332, stack(0x00000057be100000,0x00000057be200000)]
  0x000001705c0cda90 JavaThread "Unconstrained build operations Thread 15" [_thread_blocked, id=6616, stack(0x00000057be200000,0x00000057be300000)]
  0x000001705cabfac0 JavaThread "Unconstrained build operations Thread 16" [_thread_blocked, id=7268, stack(0x00000057be300000,0x00000057be400000)]
  0x000001705cac0ab0 JavaThread "Unconstrained build operations Thread 17" [_thread_blocked, id=12752, stack(0x00000057be400000,0x00000057be500000)]
  0x000001706c2bda10 JavaThread "Execution worker" [_thread_blocked, id=12672, stack(0x00000057be700000,0x00000057be800000)]
  0x000001706c2b9fa0 JavaThread "Cache worker for execution history cache (C:\Users\LENOVO\Desktop\pack_and_go\node_modules\@react-native\gradle-plugin\.gradle\8.14.3\executionHistory)" [_thread_blocked, id=448, stack(0x00000057be800000,0x00000057be900000)]
  0x000001706c2bdf60 JavaThread "Cache worker for execution history cache (C:\Users\LENOVO\Desktop\pack_and_go\node_modules\expo-modules-autolinking\android\expo-gradle-plugin\.gradle\8.14.3\executionHistory)" [_thread_blocked, id=9692, stack(0x00000057be900000,0x00000057bea00000)]
  0x000001706c2bb4e0 JavaThread "Unconstrained build operations Thread 18" [_thread_blocked, id=10408, stack(0x00000057bea00000,0x00000057beb00000)]
  0x000001706c2bba30 JavaThread "Unconstrained build operations Thread 19" [_thread_blocked, id=14096, stack(0x00000057beb00000,0x00000057bec00000)]
  0x000001706c2c09e0 JavaThread "Unconstrained build operations Thread 20" [_thread_blocked, id=1184, stack(0x00000057bed00000,0x00000057bee00000)]
  0x000001706c2b9a50 JavaThread "WorkerExecutor Queue" [_thread_blocked, id=9584, stack(0x00000057ba000000,0x00000057ba100000)]
  0x000001706c2bf9f0 JavaThread "RMI Scheduler(0)" daemon [_thread_blocked, id=5252, stack(0x00000057bda00000,0x00000057bdb00000)]
  0x000001706c2bea00 JavaThread "RMI GC Daemon" daemon [_thread_blocked, id=9320, stack(0x00000057bee00000,0x00000057bef00000)]
  0x000001706c2c0f30 JavaThread "RMI TCP Accept-0" daemon [_thread_in_native, id=1712, stack(0x00000057bef00000,0x00000057bf000000)]
  0x000001706c2c0490 JavaThread "RMI Reaper" [_thread_blocked, id=9452, stack(0x00000057bf000000,0x00000057bf100000)]
  0x000001706cbc9360 JavaThread "WorkerExecutor Queue Thread 2" [_thread_blocked, id=13364, stack(0x00000057bf200000,0x00000057bf300000)]
  0x000001706cbc7380 JavaThread "RMI TCP Accept-0" daemon [_thread_in_native, id=14736, stack(0x00000057bf400000,0x00000057bf500000)]
  0x000001706cbc98b0 JavaThread "Cache worker for Build Output Cleanup Cache (C:\Users\LENOVO\Desktop\pack_and_go\node_modules\expo-modules-core\expo-module-gradle-plugin\.gradle\buildOutputCleanup)" [_thread_blocked, id=14936, stack(0x00000057be600000,0x00000057be700000)]
  0x000001705c9cc0d0 JavaThread "build event listener" [_thread_blocked, id=3244, stack(0x00000057be500000,0x00000057be600000)]
  0x000001705c9c9650 JavaThread "Kotlin DSL Writer" [_thread_blocked, id=12024, stack(0x00000057bf100000,0x00000057bf200000)]
  0x0000017073652340 JavaThread "Cache worker for execution history cache (C:\Users\LENOVO\Desktop\pack_and_go\node_modules\expo-modules-core\expo-module-gradle-plugin\.gradle\8.14.3\executionHistory)" [_thread_blocked, id=7972, stack(0x00000057bf600000,0x00000057bf700000)]

Other Threads:
=>0x0000017054fc5db0 VMThread "VM Thread" [stack: 0x00000057ba800000,0x00000057ba900000] [id=1088]
  0x00000170393b3560 WatcherThread "VM Periodic Task Thread" [stack: 0x00000057bb300000,0x00000057bb400000] [id=7496]
  0x0000017039412f80 WorkerThread "GC Thread#0" [stack: 0x00000057ba300000,0x00000057ba400000] [id=5064]
  0x000001705961fd70 WorkerThread "GC Thread#1" [stack: 0x00000057bb400000,0x00000057bb500000] [id=11512]
  0x00000170394253b0 ConcurrentGCThread "G1 Main Marker" [stack: 0x00000057ba400000,0x00000057ba500000] [id=8044]
  0x0000017039425cf0 WorkerThread "G1 Conc#0" [stack: 0x00000057ba500000,0x00000057ba600000] [id=13072]
  0x0000017054e90090 ConcurrentGCThread "G1 Refine#0" [stack: 0x00000057ba600000,0x00000057ba700000] [id=9532]
  0x0000017054e907e0 ConcurrentGCThread "G1 Service" [stack: 0x00000057ba700000,0x00000057ba800000] [id=12916]

Threads with active compile tasks:

VM state: at safepoint (normal execution)

VM Mutex/Monitor currently owned by a thread:  ([mutex/lock_event])
[0x00000170393aff80] Threads_lock - owner thread: 0x0000017054fc5db0
[0x00000170393b1840] Heap_lock - owner thread: 0x000001705af03050

Heap address: 0x0000000080000000, size: 2048 MB, Compressed Oops mode: 32-bit

CDS archive(s) mapped at: [0x0000000800000000-0x0000000800c60000-0x0000000800c60000), size 12976128, SharedBaseAddress: 0x0000000800000000, ArchiveRelocationMode: 0.
Compressed class space mapped at: 0x0000000801000000-0x000000081ac00000, reserved size: 432013312
Narrow klass base: 0x0000000800000000, Narrow klass shift: 0, Narrow klass range: 0x100000000

GC Precious Log:
 CardTable entry size: 512
 Card Set container configuration: InlinePtr #cards 5 size 8 Array Of Cards #cards 12 size 40 Howl #buckets 4 coarsen threshold 1843 Howl Bitmap #cards 512 size 80 coarsen threshold 460 Card regions per heap region 1 cards per card region 2048
 CPUs: 2 total, 2 available
 Memory: 3908M
 Large Page Support: Disabled
 NUMA Support: Disabled
 Compressed Oops: Enabled (32-bit)
 Heap Region Size: 1M
 Heap Min Capacity: 8M
 Heap Initial Capacity: 62M
 Heap Max Capacity: 2G
 Pre-touch: Disabled
 Parallel Workers: 2
 Concurrent Workers: 1
 Concurrent Refinement Workers: 2
 Periodic GC: Disabled

Heap:
 garbage-first heap   total 619520K, used 248639K [0x0000000080000000, 0x0000000100000000)
  region size 1024K, 4 young (4096K), 4 survivors (4096K)
 Metaspace       used 206301K, committed 212096K, reserved 618496K
  class space    used 24194K, committed 26368K, reserved 421888K

Heap Regions: E=young(eden), S=young(survivor), O=old, HS=humongous(starts), HC=humongous(continues), CS=collection set, F=free, OA=open archive, CA=closed archive, TAMS=top-at-mark-start, PB=parsable bottom
|   0|0x0000000080000000, 0x0000000080100000, 0x0000000080100000|100%| O|  |TAMS 0x0000000080000000| PB 0x0000000080000000| Untracked 
|   1|0x0000000080100000, 0x0000000080200000, 0x0000000080200000|100%| O|  |TAMS 0x0000000080100000| PB 0x0000000080100000| Untracked 
|   2|0x0000000080200000, 0x0000000080300000, 0x0000000080300000|100%| O|  |TAMS 0x0000000080200000| PB 0x0000000080200000| Untracked 
|   3|0x0000000080300000, 0x0000000080400000, 0x0000000080400000|100%|HS|  |TAMS 0x0000000080300000| PB 0x0000000080300000| Complete 
|   4|0x0000000080400000, 0x0000000080500000, 0x0000000080500000|100%|HC|  |TAMS 0x0000000080400000| PB 0x0000000080400000| Complete 
|   5|0x0000000080500000, 0x0000000080600000, 0x0000000080600000|100%|HC|  |TAMS 0x0000000080500000| PB 0x0000000080500000| Complete 
|   6|0x0000000080600000, 0x0000000080700000, 0x0000000080700000|100%| O|  |TAMS 0x0000000080600000| PB 0x0000000080600000| Untracked 
|   7|0x0000000080700000, 0x0000000080800000, 0x0000000080800000|100%|HS|  |TAMS 0x0000000080700000| PB 0x0000000080700000| Complete 
|   8|0x0000000080800000, 0x0000000080900000, 0x0000000080900000|100%| O|  |TAMS 0x0000000080800000| PB 0x0000000080800000| Untracked 
|   9|0x0000000080900000, 0x0000000080a00000, 0x0000000080a00000|100%| O|  |TAMS 0x0000000080900000| PB 0x0000000080900000| Untracked 
|  10|0x0000000080a00000, 0x0000000080b00000, 0x0000000080b00000|100%| O|  |TAMS 0x0000000080a00000| PB 0x0000000080a00000| Untracked 
|  11|0x0000000080b00000, 0x0000000080c00000, 0x0000000080c00000|100%| O|  |TAMS 0x0000000080b00000| PB 0x0000000080b00000| Untracked 
|  12|0x0000000080c00000, 0x0000000080d00000, 0x0000000080d00000|100%| O|  |TAMS 0x0000000080c00000| PB 0x0000000080c00000| Untracked 
|  13|0x0000000080d00000, 0x0000000080e00000, 0x0000000080e00000|100%| O|  |TAMS 0x0000000080d00000| PB 0x0000000080d00000| Untracked 
|  14|0x0000000080e00000, 0x0000000080f00000, 0x0000000080f00000|100%| O|  |TAMS 0x0000000080e00000| PB 0x0000000080e00000| Untracked 
|  15|0x0000000080f00000, 0x0000000081000000, 0x0000000081000000|100%| O|  |TAMS 0x0000000080f00000| PB 0x0000000080f00000| Untracked 
|  16|0x0000000081000000, 0x0000000081100000, 0x0000000081100000|100%| O|  |TAMS 0x0000000081000000| PB 0x0000000081000000| Untracked 
|  17|0x0000000081100000, 0x0000000081200000, 0x0000000081200000|100%| O|  |TAMS 0x0000000081100000| PB 0x0000000081100000| Untracked 
|  18|0x0000000081200000, 0x0000000081300000, 0x0000000081300000|100%| O|  |TAMS 0x0000000081200000| PB 0x0000000081200000| Untracked 
|  19|0x0000000081300000, 0x0000000081400000, 0x0000000081400000|100%| O|  |TAMS 0x0000000081300000| PB 0x0000000081300000| Untracked 
|  20|0x0000000081400000, 0x0000000081500000, 0x0000000081500000|100%| O|  |TAMS 0x0000000081400000| PB 0x0000000081400000| Untracked 
|  21|0x0000000081500000, 0x0000000081600000, 0x0000000081600000|100%| O|  |TAMS 0x0000000081500000| PB 0x0000000081500000| Untracked 
|  22|0x0000000081600000, 0x0000000081700000, 0x0000000081700000|100%| O|  |TAMS 0x0000000081600000| PB 0x0000000081600000| Untracked 
|  23|0x0000000081700000, 0x0000000081800000, 0x0000000081800000|100%| O|  |TAMS 0x0000000081700000| PB 0x0000000081700000| Untracked 
|  24|0x0000000081800000, 0x0000000081900000, 0x0000000081900000|100%| O|  |TAMS 0x0000000081800000| PB 0x0000000081800000| Untracked 
|  25|0x0000000081900000, 0x0000000081a00000, 0x0000000081a00000|100%| O|  |TAMS 0x0000000081900000| PB 0x0000000081900000| Untracked 
|  26|0x0000000081a00000, 0x0000000081b00000, 0x0000000081b00000|100%| O|  |TAMS 0x0000000081a00000| PB 0x0000000081a00000| Untracked 
|  27|0x0000000081b00000, 0x0000000081c00000, 0x0000000081c00000|100%| O|  |TAMS 0x0000000081b00000| PB 0x0000000081b00000| Untracked 
|  28|0x0000000081c00000, 0x0000000081d00000, 0x0000000081d00000|100%| O|  |TAMS 0x0000000081c00000| PB 0x0000000081c00000| Untracked 
|  29|0x0000000081d00000, 0x0000000081e00000, 0x0000000081e00000|100%| O|  |TAMS 0x0000000081d00000| PB 0x0000000081d00000| Untracked 
|  30|0x0000000081e00000, 0x0000000081f00000, 0x0000000081f00000|100%| O|  |TAMS 0x0000000081e00000| PB 0x0000000081e00000| Untracked 
|  31|0x0000000081f00000, 0x0000000082000000, 0x0000000082000000|100%| O|  |TAMS 0x0000000081f00000| PB 0x0000000081f00000| Untracked 
|  32|0x0000000082000000, 0x0000000082100000, 0x0000000082100000|100%| O|  |TAMS 0x0000000082000000| PB 0x0000000082000000| Untracked 
|  33|0x0000000082100000, 0x0000000082200000, 0x0000000082200000|100%| O|  |TAMS 0x0000000082100000| PB 0x0000000082100000| Untracked 
|  34|0x0000000082200000, 0x0000000082300000, 0x0000000082300000|100%| O|  |TAMS 0x0000000082200000| PB 0x0000000082200000| Untracked 
|  35|0x0000000082300000, 0x0000000082400000, 0x0000000082400000|100%| O|  |TAMS 0x0000000082300000| PB 0x0000000082300000| Untracked 
|  36|0x0000000082400000, 0x0000000082500000, 0x0000000082500000|100%| O|  |TAMS 0x0000000082400000| PB 0x0000000082400000| Untracked 
|  37|0x0000000082500000, 0x0000000082600000, 0x0000000082600000|100%| O|  |TAMS 0x0000000082500000| PB 0x0000000082500000| Untracked 
|  38|0x0000000082600000, 0x0000000082700000, 0x0000000082700000|100%| O|  |TAMS 0x0000000082600000| PB 0x0000000082600000| Untracked 
|  39|0x0000000082700000, 0x0000000082800000, 0x0000000082800000|100%| O|  |TAMS 0x0000000082700000| PB 0x0000000082700000| Untracked 
|  40|0x0000000082800000, 0x0000000082900000, 0x0000000082900000|100%| O|  |TAMS 0x0000000082800000| PB 0x0000000082800000| Untracked 
|  41|0x0000000082900000, 0x0000000082a00000, 0x0000000082a00000|100%| O|  |TAMS 0x0000000082900000| PB 0x0000000082900000| Untracked 
|  42|0x0000000082a00000, 0x0000000082b00000, 0x0000000082b00000|100%| O|  |TAMS 0x0000000082a00000| PB 0x0000000082a00000| Untracked 
|  43|0x0000000082b00000, 0x0000000082c00000, 0x0000000082c00000|100%| O|  |TAMS 0x0000000082b00000| PB 0x0000000082b00000| Untracked 
|  44|0x0000000082c00000, 0x0000000082d00000, 0x0000000082d00000|100%| O|  |TAMS 0x0000000082c00000| PB 0x0000000082c00000| Untracked 
|  45|0x0000000082d00000, 0x0000000082e00000, 0x0000000082e00000|100%| O|  |TAMS 0x0000000082d00000| PB 0x0000000082d00000| Untracked 
|  46|0x0000000082e00000, 0x0000000082f00000, 0x0000000082f00000|100%| O|  |TAMS 0x0000000082e00000| PB 0x0000000082e00000| Untracked 
|  47|0x0000000082f00000, 0x0000000083000000, 0x0000000083000000|100%| O|  |TAMS 0x0000000082f00000| PB 0x0000000082f00000| Untracked 
|  48|0x0000000083000000, 0x0000000083100000, 0x0000000083100000|100%| O|  |TAMS 0x0000000083000000| PB 0x0000000083000000| Untracked 
|  49|0x0000000083100000, 0x0000000083200000, 0x0000000083200000|100%| O|  |TAMS 0x0000000083100000| PB 0x0000000083100000| Untracked 
|  50|0x0000000083200000, 0x0000000083300000, 0x0000000083300000|100%| O|  |TAMS 0x0000000083200000| PB 0x0000000083200000| Untracked 
|  51|0x0000000083300000, 0x0000000083400000, 0x0000000083400000|100%| O|  |TAMS 0x0000000083300000| PB 0x0000000083300000| Untracked 
|  52|0x0000000083400000, 0x0000000083500000, 0x0000000083500000|100%| O|  |TAMS 0x0000000083400000| PB 0x0000000083400000| Untracked 
|  53|0x0000000083500000, 0x0000000083600000, 0x0000000083600000|100%| O|  |TAMS 0x0000000083500000| PB 0x0000000083500000| Untracked 
|  54|0x0000000083600000, 0x0000000083700000, 0x0000000083700000|100%| O|  |TAMS 0x0000000083600000| PB 0x0000000083600000| Untracked 
|  55|0x0000000083700000, 0x0000000083800000, 0x0000000083800000|100%| O|  |TAMS 0x0000000083700000| PB 0x0000000083700000| Untracked 
|  56|0x0000000083800000, 0x00000000838e9c00, 0x0000000083900000| 91%| O|  |TAMS 0x0000000083800000| PB 0x0000000083800000| Untracked 
|  57|0x0000000083900000, 0x0000000083a00000, 0x0000000083a00000|100%| O|  |TAMS 0x0000000083900000| PB 0x0000000083900000| Untracked 
|  58|0x0000000083a00000, 0x0000000083b00000, 0x0000000083b00000|100%| O|  |TAMS 0x0000000083a00000| PB 0x0000000083a00000| Untracked 
|  59|0x0000000083b00000, 0x0000000083c00000, 0x0000000083c00000|100%| O|  |TAMS 0x0000000083b00000| PB 0x0000000083b00000| Untracked 
|  60|0x0000000083c00000, 0x0000000083d00000, 0x0000000083d00000|100%| O|  |TAMS 0x0000000083c00000| PB 0x0000000083c00000| Untracked 
|  61|0x0000000083d00000, 0x0000000083e00000, 0x0000000083e00000|100%| O|  |TAMS 0x0000000083d00000| PB 0x0000000083d00000| Untracked 
|  62|0x0000000083e00000, 0x0000000083f00000, 0x0000000083f00000|100%| O|  |TAMS 0x0000000083e00000| PB 0x0000000083e00000| Untracked 
|  63|0x0000000083f00000, 0x0000000084000000, 0x0000000084000000|100%| O|  |TAMS 0x0000000083f00000| PB 0x0000000083f00000| Untracked 
|  64|0x0000000084000000, 0x0000000084100000, 0x0000000084100000|100%| O|  |TAMS 0x0000000084000000| PB 0x0000000084000000| Untracked 
|  65|0x0000000084100000, 0x0000000084200000, 0x0000000084200000|100%| O|  |TAMS 0x0000000084100000| PB 0x0000000084100000| Untracked 
|  66|0x0000000084200000, 0x0000000084300000, 0x0000000084300000|100%| O|  |TAMS 0x0000000084200000| PB 0x0000000084200000| Untracked 
|  67|0x0000000084300000, 0x0000000084400000, 0x0000000084400000|100%| O|  |TAMS 0x0000000084300000| PB 0x0000000084300000| Untracked 
|  68|0x0000000084400000, 0x0000000084500000, 0x0000000084500000|100%| O|  |TAMS 0x0000000084400000| PB 0x0000000084400000| Untracked 
|  69|0x0000000084500000, 0x0000000084600000, 0x0000000084600000|100%| O|  |TAMS 0x0000000084500000| PB 0x0000000084500000| Untracked 
|  70|0x0000000084600000, 0x0000000084700000, 0x0000000084700000|100%| O|  |TAMS 0x0000000084600000| PB 0x0000000084600000| Untracked 
|  71|0x0000000084700000, 0x0000000084800000, 0x0000000084800000|100%| O|  |TAMS 0x0000000084700000| PB 0x0000000084700000| Untracked 
|  72|0x0000000084800000, 0x0000000084900000, 0x0000000084900000|100%| O|  |TAMS 0x0000000084800000| PB 0x0000000084800000| Untracked 
|  73|0x0000000084900000, 0x0000000084a00000, 0x0000000084a00000|100%| O|  |TAMS 0x0000000084900000| PB 0x0000000084900000| Untracked 
|  74|0x0000000084a00000, 0x0000000084b00000, 0x0000000084b00000|100%| O|  |TAMS 0x0000000084a00000| PB 0x0000000084a00000| Untracked 
|  75|0x0000000084b00000, 0x0000000084c00000, 0x0000000084c00000|100%| O|  |TAMS 0x0000000084b00000| PB 0x0000000084b00000| Untracked 
|  76|0x0000000084c00000, 0x0000000084d00000, 0x0000000084d00000|100%| O|  |TAMS 0x0000000084c00000| PB 0x0000000084c00000| Untracked 
|  77|0x0000000084d00000, 0x0000000084e00000, 0x0000000084e00000|100%| O|  |TAMS 0x0000000084d00000| PB 0x0000000084d00000| Untracked 
|  78|0x0000000084e00000, 0x0000000084f00000, 0x0000000084f00000|100%| O|  |TAMS 0x0000000084e00000| PB 0x0000000084e00000| Untracked 
|  79|0x0000000084f00000, 0x0000000085000000, 0x0000000085000000|100%| O|  |TAMS 0x0000000084f00000| PB 0x0000000084f00000| Untracked 
|  80|0x0000000085000000, 0x0000000085100000, 0x0000000085100000|100%| O|  |TAMS 0x0000000085000000| PB 0x0000000085000000| Untracked 
|  81|0x0000000085100000, 0x0000000085100000, 0x0000000085200000|  0%| F|  |TAMS 0x0000000085100000| PB 0x0000000085100000| Untracked 
|  82|0x0000000085200000, 0x0000000085300000, 0x0000000085300000|100%| O|  |TAMS 0x0000000085200000| PB 0x0000000085200000| Untracked 
|  83|0x0000000085300000, 0x0000000085400000, 0x0000000085400000|100%| O|  |TAMS 0x0000000085300000| PB 0x0000000085300000| Untracked 
|  84|0x0000000085400000, 0x0000000085400000, 0x0000000085500000|  0%| F|  |TAMS 0x0000000085400000| PB 0x0000000085400000| Untracked 
|  85|0x0000000085500000, 0x0000000085600000, 0x0000000085600000|100%| O|  |TAMS 0x0000000085500000| PB 0x0000000085500000| Untracked 
|  86|0x0000000085600000, 0x0000000085600000, 0x0000000085700000|  0%| F|  |TAMS 0x0000000085600000| PB 0x0000000085600000| Untracked 
|  87|0x0000000085700000, 0x0000000085800000, 0x0000000085800000|100%| O|  |TAMS 0x0000000085700000| PB 0x0000000085700000| Untracked 
|  88|0x0000000085800000, 0x0000000085900000, 0x0000000085900000|100%| O|  |TAMS 0x0000000085800000| PB 0x0000000085800000| Untracked 
|  89|0x0000000085900000, 0x0000000085a00000, 0x0000000085a00000|100%| O|  |TAMS 0x0000000085900000| PB 0x0000000085900000| Untracked 
|  90|0x0000000085a00000, 0x0000000085b00000, 0x0000000085b00000|100%| O|  |TAMS 0x0000000085a00000| PB 0x0000000085a00000| Untracked 
|  91|0x0000000085b00000, 0x0000000085c00000, 0x0000000085c00000|100%| O|  |TAMS 0x0000000085b00000| PB 0x0000000085b00000| Untracked 
|  92|0x0000000085c00000, 0x0000000085d00000, 0x0000000085d00000|100%| O|  |TAMS 0x0000000085c00000| PB 0x0000000085c00000| Untracked 
|  93|0x0000000085d00000, 0x0000000085e00000, 0x0000000085e00000|100%| O|  |TAMS 0x0000000085d00000| PB 0x0000000085d00000| Untracked 
|  94|0x0000000085e00000, 0x0000000085f00000, 0x0000000085f00000|100%| O|  |TAMS 0x0000000085e00000| PB 0x0000000085e00000| Untracked 
|  95|0x0000000085f00000, 0x0000000086000000, 0x0000000086000000|100%| O|  |TAMS 0x0000000085f00000| PB 0x0000000085f00000| Untracked 
|  96|0x0000000086000000, 0x0000000086100000, 0x0000000086100000|100%| O|  |TAMS 0x0000000086000000| PB 0x0000000086000000| Untracked 
|  97|0x0000000086100000, 0x0000000086200000, 0x0000000086200000|100%| O|  |TAMS 0x0000000086100000| PB 0x0000000086100000| Untracked 
|  98|0x0000000086200000, 0x0000000086300000, 0x0000000086300000|100%| O|  |TAMS 0x0000000086200000| PB 0x0000000086200000| Untracked 
|  99|0x0000000086300000, 0x0000000086400000, 0x0000000086400000|100%| O|  |TAMS 0x0000000086300000| PB 0x0000000086300000| Untracked 
| 100|0x0000000086400000, 0x0000000086500000, 0x0000000086500000|100%| O|  |TAMS 0x0000000086400000| PB 0x0000000086400000| Untracked 
| 101|0x0000000086500000, 0x0000000086600000, 0x0000000086600000|100%| O|  |TAMS 0x0000000086500000| PB 0x0000000086500000| Untracked 
| 102|0x0000000086600000, 0x0000000086700000, 0x0000000086700000|100%| O|  |TAMS 0x0000000086600000| PB 0x0000000086600000| Untracked 
| 103|0x0000000086700000, 0x0000000086800000, 0x0000000086800000|100%| O|  |TAMS 0x0000000086700000| PB 0x0000000086700000| Untracked 
| 104|0x0000000086800000, 0x0000000086900000, 0x0000000086900000|100%| O|  |TAMS 0x0000000086800000| PB 0x0000000086800000| Untracked 
| 105|0x0000000086900000, 0x0000000086a00000, 0x0000000086a00000|100%| O|  |TAMS 0x0000000086900000| PB 0x0000000086900000| Untracked 
| 106|0x0000000086a00000, 0x0000000086b00000, 0x0000000086b00000|100%| O|  |TAMS 0x0000000086a00000| PB 0x0000000086a00000| Untracked 
| 107|0x0000000086b00000, 0x0000000086c00000, 0x0000000086c00000|100%| O|  |TAMS 0x0000000086b00000| PB 0x0000000086b00000| Untracked 
| 108|0x0000000086c00000, 0x0000000086d00000, 0x0000000086d00000|100%| O|  |TAMS 0x0000000086c00000| PB 0x0000000086c00000| Untracked 
| 109|0x0000000086d00000, 0x0000000086e00000, 0x0000000086e00000|100%| O|  |TAMS 0x0000000086d00000| PB 0x0000000086d00000| Untracked 
| 110|0x0000000086e00000, 0x0000000086f00000, 0x0000000086f00000|100%| O|  |TAMS 0x0000000086e00000| PB 0x0000000086e00000| Untracked 
| 111|0x0000000086f00000, 0x0000000087000000, 0x0000000087000000|100%| O|  |TAMS 0x0000000086f00000| PB 0x0000000086f00000| Untracked 
| 112|0x0000000087000000, 0x0000000087100000, 0x0000000087100000|100%| O|  |TAMS 0x0000000087000000| PB 0x0000000087000000| Untracked 
| 113|0x0000000087100000, 0x0000000087200000, 0x0000000087200000|100%| O|  |TAMS 0x0000000087100000| PB 0x0000000087100000| Untracked 
| 114|0x0000000087200000, 0x0000000087300000, 0x0000000087300000|100%| O|  |TAMS 0x0000000087200000| PB 0x0000000087200000| Untracked 
| 115|0x0000000087300000, 0x0000000087400000, 0x0000000087400000|100%| O|  |TAMS 0x0000000087300000| PB 0x0000000087300000| Untracked 
| 116|0x0000000087400000, 0x0000000087500000, 0x0000000087500000|100%| O|  |TAMS 0x0000000087400000| PB 0x0000000087400000| Untracked 
| 117|0x0000000087500000, 0x0000000087600000, 0x0000000087600000|100%| O|  |TAMS 0x0000000087500000| PB 0x0000000087500000| Untracked 
| 118|0x0000000087600000, 0x0000000087700000, 0x0000000087700000|100%| O|  |TAMS 0x0000000087600000| PB 0x0000000087600000| Untracked 
| 119|0x0000000087700000, 0x0000000087800000, 0x0000000087800000|100%| O|  |TAMS 0x0000000087700000| PB 0x0000000087700000| Untracked 
| 120|0x0000000087800000, 0x0000000087900000, 0x0000000087900000|100%| O|  |TAMS 0x0000000087800000| PB 0x0000000087800000| Untracked 
| 121|0x0000000087900000, 0x0000000087a00000, 0x0000000087a00000|100%| O|  |TAMS 0x0000000087900000| PB 0x0000000087900000| Untracked 
| 122|0x0000000087a00000, 0x0000000087b00000, 0x0000000087b00000|100%| O|  |TAMS 0x0000000087a00000| PB 0x0000000087a00000| Untracked 
| 123|0x0000000087b00000, 0x0000000087c00000, 0x0000000087c00000|100%| O|  |TAMS 0x0000000087b00000| PB 0x0000000087b00000| Untracked 
| 124|0x0000000087c00000, 0x0000000087d00000, 0x0000000087d00000|100%| O|  |TAMS 0x0000000087c00000| PB 0x0000000087c00000| Untracked 
| 125|0x0000000087d00000, 0x0000000087e00000, 0x0000000087e00000|100%| O|  |TAMS 0x0000000087d00000| PB 0x0000000087d00000| Untracked 
| 126|0x0000000087e00000, 0x0000000087f00000, 0x0000000087f00000|100%| O|  |TAMS 0x0000000087e00000| PB 0x0000000087e00000| Untracked 
| 127|0x0000000087f00000, 0x0000000088000000, 0x0000000088000000|100%| O|  |TAMS 0x0000000087f00000| PB 0x0000000087f00000| Untracked 
| 128|0x0000000088000000, 0x0000000088100000, 0x0000000088100000|100%| O|  |TAMS 0x0000000088000000| PB 0x0000000088000000| Untracked 
| 129|0x0000000088100000, 0x0000000088200000, 0x0000000088200000|100%| O|  |TAMS 0x0000000088100000| PB 0x0000000088100000| Untracked 
| 130|0x0000000088200000, 0x0000000088300000, 0x0000000088300000|100%| O|  |TAMS 0x0000000088200000| PB 0x0000000088200000| Untracked 
| 131|0x0000000088300000, 0x0000000088400000, 0x0000000088400000|100%|HS|  |TAMS 0x0000000088300000| PB 0x0000000088300000| Complete 
| 132|0x0000000088400000, 0x0000000088500000, 0x0000000088500000|100%|HC|  |TAMS 0x0000000088400000| PB 0x0000000088400000| Complete 
| 133|0x0000000088500000, 0x0000000088600000, 0x0000000088600000|100%|HC|  |TAMS 0x0000000088500000| PB 0x0000000088500000| Complete 
| 134|0x0000000088600000, 0x0000000088700000, 0x0000000088700000|100%|HS|  |TAMS 0x0000000088600000| PB 0x0000000088600000| Complete 
| 135|0x0000000088700000, 0x0000000088800000, 0x0000000088800000|100%|HC|  |TAMS 0x0000000088700000| PB 0x0000000088700000| Complete 
| 136|0x0000000088800000, 0x0000000088900000, 0x0000000088900000|100%|HC|  |TAMS 0x0000000088800000| PB 0x0000000088800000| Complete 
| 137|0x0000000088900000, 0x0000000088a00000, 0x0000000088a00000|100%| O|  |TAMS 0x0000000088900000| PB 0x0000000088900000| Untracked 
| 138|0x0000000088a00000, 0x0000000088b00000, 0x0000000088b00000|100%| O|  |TAMS 0x0000000088a00000| PB 0x0000000088a00000| Untracked 
| 139|0x0000000088b00000, 0x0000000088c00000, 0x0000000088c00000|100%| O|  |TAMS 0x0000000088b00000| PB 0x0000000088b00000| Untracked 
| 140|0x0000000088c00000, 0x0000000088d00000, 0x0000000088d00000|100%| O|  |TAMS 0x0000000088c00000| PB 0x0000000088c00000| Untracked 
| 141|0x0000000088d00000, 0x0000000088e00000, 0x0000000088e00000|100%| O|  |TAMS 0x0000000088d00000| PB 0x0000000088d00000| Untracked 
| 142|0x0000000088e00000, 0x0000000088f00000, 0x0000000088f00000|100%| O|  |TAMS 0x0000000088e00000| PB 0x0000000088e00000| Untracked 
| 143|0x0000000088f00000, 0x0000000089000000, 0x0000000089000000|100%| O|  |TAMS 0x0000000088f00000| PB 0x0000000088f00000| Untracked 
| 144|0x0000000089000000, 0x0000000089100000, 0x0000000089100000|100%| O|  |TAMS 0x0000000089000000| PB 0x0000000089000000| Untracked 
| 145|0x0000000089100000, 0x0000000089200000, 0x0000000089200000|100%| O|  |TAMS 0x0000000089100000| PB 0x0000000089100000| Untracked 
| 146|0x0000000089200000, 0x0000000089300000, 0x0000000089300000|100%| O|  |TAMS 0x0000000089200000| PB 0x0000000089200000| Untracked 
| 147|0x0000000089300000, 0x0000000089400000, 0x0000000089400000|100%| O|  |TAMS 0x0000000089300000| PB 0x0000000089300000| Untracked 
| 148|0x0000000089400000, 0x0000000089500000, 0x0000000089500000|100%| O|  |TAMS 0x0000000089400000| PB 0x0000000089400000| Untracked 
| 149|0x0000000089500000, 0x0000000089600000, 0x0000000089600000|100%| O|  |TAMS 0x0000000089500000| PB 0x0000000089500000| Untracked 
| 150|0x0000000089600000, 0x0000000089700000, 0x0000000089700000|100%| O|  |TAMS 0x0000000089600000| PB 0x0000000089600000| Untracked 
| 151|0x0000000089700000, 0x0000000089800000, 0x0000000089800000|100%| O|  |TAMS 0x0000000089700000| PB 0x0000000089700000| Untracked 
| 152|0x0000000089800000, 0x0000000089900000, 0x0000000089900000|100%| O|  |TAMS 0x0000000089800000| PB 0x0000000089800000| Untracked 
| 153|0x0000000089900000, 0x0000000089a00000, 0x0000000089a00000|100%| O|  |TAMS 0x0000000089900000| PB 0x0000000089900000| Untracked 
| 154|0x0000000089a00000, 0x0000000089a00000, 0x0000000089b00000|  0%| F|  |TAMS 0x0000000089a00000| PB 0x0000000089a00000| Untracked 
| 155|0x0000000089b00000, 0x0000000089c00000, 0x0000000089c00000|100%| O|  |TAMS 0x0000000089b00000| PB 0x0000000089b00000| Untracked 
| 156|0x0000000089c00000, 0x0000000089d00000, 0x0000000089d00000|100%| O|  |TAMS 0x0000000089c00000| PB 0x0000000089c00000| Untracked 
| 157|0x0000000089d00000, 0x0000000089e00000, 0x0000000089e00000|100%| O|  |TAMS 0x0000000089d00000| PB 0x0000000089d00000| Untracked 
| 158|0x0000000089e00000, 0x0000000089f00000, 0x0000000089f00000|100%| O|  |TAMS 0x0000000089e00000| PB 0x0000000089e00000| Untracked 
| 159|0x0000000089f00000, 0x000000008a000000, 0x000000008a000000|100%| O|  |TAMS 0x0000000089f00000| PB 0x0000000089f00000| Untracked 
| 160|0x000000008a000000, 0x000000008a000000, 0x000000008a100000|  0%| F|  |TAMS 0x000000008a000000| PB 0x000000008a000000| Untracked 
| 161|0x000000008a100000, 0x000000008a200000, 0x000000008a200000|100%| O|  |TAMS 0x000000008a100000| PB 0x000000008a100000| Untracked 
| 162|0x000000008a200000, 0x000000008a300000, 0x000000008a300000|100%| O|  |TAMS 0x000000008a200000| PB 0x000000008a200000| Untracked 
| 163|0x000000008a300000, 0x000000008a400000, 0x000000008a400000|100%| O|  |TAMS 0x000000008a300000| PB 0x000000008a300000| Untracked 
| 164|0x000000008a400000, 0x000000008a500000, 0x000000008a500000|100%| O|  |TAMS 0x000000008a400000| PB 0x000000008a400000| Untracked 
| 165|0x000000008a500000, 0x000000008a600000, 0x000000008a600000|100%| O|  |TAMS 0x000000008a500000| PB 0x000000008a500000| Untracked 
| 166|0x000000008a600000, 0x000000008a600000, 0x000000008a700000|  0%| F|  |TAMS 0x000000008a600000| PB 0x000000008a600000| Untracked 
| 167|0x000000008a700000, 0x000000008a800000, 0x000000008a800000|100%| O|  |TAMS 0x000000008a700000| PB 0x000000008a700000| Untracked 
| 168|0x000000008a800000, 0x000000008a900000, 0x000000008a900000|100%| O|  |TAMS 0x000000008a800000| PB 0x000000008a800000| Untracked 
| 169|0x000000008a900000, 0x000000008aa00000, 0x000000008aa00000|100%|HS|  |TAMS 0x000000008a900000| PB 0x000000008a900000| Complete 
| 170|0x000000008aa00000, 0x000000008ab00000, 0x000000008ab00000|100%|HC|  |TAMS 0x000000008aa00000| PB 0x000000008aa00000| Complete 
| 171|0x000000008ab00000, 0x000000008ac00000, 0x000000008ac00000|100%|HC|  |TAMS 0x000000008ab00000| PB 0x000000008ab00000| Complete 
| 172|0x000000008ac00000, 0x000000008ad00000, 0x000000008ad00000|100%| O|  |TAMS 0x000000008ac00000| PB 0x000000008ac00000| Untracked 
| 173|0x000000008ad00000, 0x000000008ae00000, 0x000000008ae00000|100%| O|  |TAMS 0x000000008ad00000| PB 0x000000008ad00000| Untracked 
| 174|0x000000008ae00000, 0x000000008af00000, 0x000000008af00000|100%| O|  |TAMS 0x000000008ae00000| PB 0x000000008ae00000| Untracked 
| 175|0x000000008af00000, 0x000000008b000000, 0x000000008b000000|100%| O|  |TAMS 0x000000008af00000| PB 0x000000008af00000| Untracked 
| 176|0x000000008b000000, 0x000000008b000000, 0x000000008b100000|  0%| F|  |TAMS 0x000000008b000000| PB 0x000000008b000000| Untracked 
| 177|0x000000008b100000, 0x000000008b200000, 0x000000008b200000|100%| O|  |TAMS 0x000000008b100000| PB 0x000000008b100000| Untracked 
| 178|0x000000008b200000, 0x000000008b300000, 0x000000008b300000|100%| O|  |TAMS 0x000000008b200000| PB 0x000000008b200000| Untracked 
| 179|0x000000008b300000, 0x000000008b400000, 0x000000008b400000|100%| O|  |TAMS 0x000000008b300000| PB 0x000000008b300000| Untracked 
| 180|0x000000008b400000, 0x000000008b500000, 0x000000008b500000|100%| O|  |TAMS 0x000000008b400000| PB 0x000000008b400000| Untracked 
| 181|0x000000008b500000, 0x000000008b600000, 0x000000008b600000|100%| O|  |TAMS 0x000000008b500000| PB 0x000000008b500000| Untracked 
| 182|0x000000008b600000, 0x000000008b600000, 0x000000008b700000|  0%| F|  |TAMS 0x000000008b600000| PB 0x000000008b600000| Untracked 
| 183|0x000000008b700000, 0x000000008b800000, 0x000000008b800000|100%| O|  |TAMS 0x000000008b700000| PB 0x000000008b700000| Untracked 
| 184|0x000000008b800000, 0x000000008b900000, 0x000000008b900000|100%| O|  |TAMS 0x000000008b800000| PB 0x000000008b800000| Untracked 
| 185|0x000000008b900000, 0x000000008ba00000, 0x000000008ba00000|100%| O|  |TAMS 0x000000008b900000| PB 0x000000008b900000| Untracked 
| 186|0x000000008ba00000, 0x000000008bb00000, 0x000000008bb00000|100%| O|  |TAMS 0x000000008ba00000| PB 0x000000008ba00000| Untracked 
| 187|0x000000008bb00000, 0x000000008bc00000, 0x000000008bc00000|100%| O|  |TAMS 0x000000008bb00000| PB 0x000000008bb00000| Untracked 
| 188|0x000000008bc00000, 0x000000008bd00000, 0x000000008bd00000|100%| O|  |TAMS 0x000000008bc00000| PB 0x000000008bc00000| Untracked 
| 189|0x000000008bd00000, 0x000000008bd00000, 0x000000008be00000|  0%| F|  |TAMS 0x000000008bd00000| PB 0x000000008bd00000| Untracked 
| 190|0x000000008be00000, 0x000000008bf00000, 0x000000008bf00000|100%| O|  |TAMS 0x000000008be00000| PB 0x000000008be00000| Untracked 
| 191|0x000000008bf00000, 0x000000008c000000, 0x000000008c000000|100%| O|  |TAMS 0x000000008bf00000| PB 0x000000008bf00000| Untracked 
| 192|0x000000008c000000, 0x000000008c100000, 0x000000008c100000|100%| O|  |TAMS 0x000000008c000000| PB 0x000000008c000000| Untracked 
| 193|0x000000008c100000, 0x000000008c200000, 0x000000008c200000|100%| O|  |TAMS 0x000000008c100000| PB 0x000000008c100000| Untracked 
| 194|0x000000008c200000, 0x000000008c300000, 0x000000008c300000|100%| O|  |TAMS 0x000000008c200000| PB 0x000000008c200000| Untracked 
| 195|0x000000008c300000, 0x000000008c300000, 0x000000008c400000|  0%| F|  |TAMS 0x000000008c300000| PB 0x000000008c300000| Untracked 
| 196|0x000000008c400000, 0x000000008c500000, 0x000000008c500000|100%| O|  |TAMS 0x000000008c400000| PB 0x000000008c400000| Untracked 
| 197|0x000000008c500000, 0x000000008c600000, 0x000000008c600000|100%| O|  |TAMS 0x000000008c500000| PB 0x000000008c500000| Untracked 
| 198|0x000000008c600000, 0x000000008c700000, 0x000000008c700000|100%| O|  |TAMS 0x000000008c600000| PB 0x000000008c600000| Untracked 
| 199|0x000000008c700000, 0x000000008c800000, 0x000000008c800000|100%| O|  |TAMS 0x000000008c700000| PB 0x000000008c700000| Untracked 
| 200|0x000000008c800000, 0x000000008c900000, 0x000000008c900000|100%| O|  |TAMS 0x000000008c800000| PB 0x000000008c800000| Untracked 
| 201|0x000000008c900000, 0x000000008ca00000, 0x000000008ca00000|100%| O|  |TAMS 0x000000008c900000| PB 0x000000008c900000| Untracked 
| 202|0x000000008ca00000, 0x000000008cb00000, 0x000000008cb00000|100%| O|  |TAMS 0x000000008ca00000| PB 0x000000008ca00000| Untracked 
| 203|0x000000008cb00000, 0x000000008cc00000, 0x000000008cc00000|100%| O|  |TAMS 0x000000008cb00000| PB 0x000000008cb00000| Untracked 
| 204|0x000000008cc00000, 0x000000008cd00000, 0x000000008cd00000|100%| O|  |TAMS 0x000000008cc00000| PB 0x000000008cc00000| Untracked 
| 205|0x000000008cd00000, 0x000000008ce00000, 0x000000008ce00000|100%| O|  |TAMS 0x000000008cd00000| PB 0x000000008cd00000| Untracked 
| 206|0x000000008ce00000, 0x000000008cf00000, 0x000000008cf00000|100%| O|  |TAMS 0x000000008ce00000| PB 0x000000008ce00000| Untracked 
| 207|0x000000008cf00000, 0x000000008d000000, 0x000000008d000000|100%| O|  |TAMS 0x000000008cf00000| PB 0x000000008cf00000| Untracked 
| 208|0x000000008d000000, 0x000000008d100000, 0x000000008d100000|100%| O|  |TAMS 0x000000008d000000| PB 0x000000008d000000| Untracked 
| 209|0x000000008d100000, 0x000000008d200000, 0x000000008d200000|100%| O|  |TAMS 0x000000008d100000| PB 0x000000008d100000| Untracked 
| 210|0x000000008d200000, 0x000000008d300000, 0x000000008d300000|100%| O|  |TAMS 0x000000008d200000| PB 0x000000008d200000| Untracked 
| 211|0x000000008d300000, 0x000000008d400000, 0x000000008d400000|100%| O|  |TAMS 0x000000008d300000| PB 0x000000008d300000| Untracked 
| 212|0x000000008d400000, 0x000000008d400000, 0x000000008d500000|  0%| F|  |TAMS 0x000000008d400000| PB 0x000000008d400000| Untracked 
| 213|0x000000008d500000, 0x000000008d500000, 0x000000008d600000|  0%| F|  |TAMS 0x000000008d500000| PB 0x000000008d500000| Untracked 
| 214|0x000000008d600000, 0x000000008d600000, 0x000000008d700000|  0%| F|  |TAMS 0x000000008d600000| PB 0x000000008d600000| Untracked 
| 215|0x000000008d700000, 0x000000008d700000, 0x000000008d800000|  0%| F|  |TAMS 0x000000008d700000| PB 0x000000008d700000| Untracked 
| 216|0x000000008d800000, 0x000000008d800000, 0x000000008d900000|  0%| F|  |TAMS 0x000000008d800000| PB 0x000000008d800000| Untracked 
| 217|0x000000008d900000, 0x000000008d900000, 0x000000008da00000|  0%| F|  |TAMS 0x000000008d900000| PB 0x000000008d900000| Untracked 
| 218|0x000000008da00000, 0x000000008db00000, 0x000000008db00000|100%| O|  |TAMS 0x000000008da00000| PB 0x000000008da00000| Untracked 
| 219|0x000000008db00000, 0x000000008dc00000, 0x000000008dc00000|100%| O|  |TAMS 0x000000008db00000| PB 0x000000008db00000| Untracked 
| 220|0x000000008dc00000, 0x000000008dc00000, 0x000000008dd00000|  0%| F|  |TAMS 0x000000008dc00000| PB 0x000000008dc00000| Untracked 
| 221|0x000000008dd00000, 0x000000008de00000, 0x000000008de00000|100%| O|  |TAMS 0x000000008dd00000| PB 0x000000008dd00000| Untracked 
| 222|0x000000008de00000, 0x000000008df00000, 0x000000008df00000|100%| O|  |TAMS 0x000000008de00000| PB 0x000000008de00000| Untracked 
| 223|0x000000008df00000, 0x000000008df00000, 0x000000008e000000|  0%| F|  |TAMS 0x000000008df00000| PB 0x000000008df00000| Untracked 
| 224|0x000000008e000000, 0x000000008e000000, 0x000000008e100000|  0%| F|  |TAMS 0x000000008e000000| PB 0x000000008e000000| Untracked 
| 225|0x000000008e100000, 0x000000008e100000, 0x000000008e200000|  0%| F|  |TAMS 0x000000008e100000| PB 0x000000008e100000| Untracked 
| 226|0x000000008e200000, 0x000000008e300000, 0x000000008e300000|100%| O|  |TAMS 0x000000008e200000| PB 0x000000008e200000| Untracked 
| 227|0x000000008e300000, 0x000000008e400000, 0x000000008e400000|100%| O|  |TAMS 0x000000008e300000| PB 0x000000008e300000| Untracked 
| 228|0x000000008e400000, 0x000000008e500000, 0x000000008e500000|100%| O|  |TAMS 0x000000008e400000| PB 0x000000008e400000| Untracked 
| 229|0x000000008e500000, 0x000000008e600000, 0x000000008e600000|100%| O|  |TAMS 0x000000008e500000| PB 0x000000008e500000| Untracked 
| 230|0x000000008e600000, 0x000000008e600000, 0x000000008e700000|  0%| F|  |TAMS 0x000000008e600000| PB 0x000000008e600000| Untracked 
| 231|0x000000008e700000, 0x000000008e700000, 0x000000008e800000|  0%| F|  |TAMS 0x000000008e700000| PB 0x000000008e700000| Untracked 
| 232|0x000000008e800000, 0x000000008e800000, 0x000000008e900000|  0%| F|  |TAMS 0x000000008e800000| PB 0x000000008e800000| Untracked 
| 233|0x000000008e900000, 0x000000008e900000, 0x000000008ea00000|  0%| F|  |TAMS 0x000000008e900000| PB 0x000000008e900000| Untracked 
| 234|0x000000008ea00000, 0x000000008ea00000, 0x000000008eb00000|  0%| F|  |TAMS 0x000000008ea00000| PB 0x000000008ea00000| Untracked 
| 235|0x000000008eb00000, 0x000000008eb00000, 0x000000008ec00000|  0%| F|  |TAMS 0x000000008eb00000| PB 0x000000008eb00000| Untracked 
| 236|0x000000008ec00000, 0x000000008ec00000, 0x000000008ed00000|  0%| F|  |TAMS 0x000000008ec00000| PB 0x000000008ec00000| Untracked 
| 237|0x000000008ed00000, 0x000000008ed00000, 0x000000008ee00000|  0%| F|  |TAMS 0x000000008ed00000| PB 0x000000008ed00000| Untracked 
| 238|0x000000008ee00000, 0x000000008ee00000, 0x000000008ef00000|  0%| F|  |TAMS 0x000000008ee00000| PB 0x000000008ee00000| Untracked 
| 239|0x000000008ef00000, 0x000000008ef00000, 0x000000008f000000|  0%| F|  |TAMS 0x000000008ef00000| PB 0x000000008ef00000| Untracked 
| 240|0x000000008f000000, 0x000000008f000000, 0x000000008f100000|  0%| F|  |TAMS 0x000000008f000000| PB 0x000000008f000000| Untracked 
| 241|0x000000008f100000, 0x000000008f100000, 0x000000008f200000|  0%| F|  |TAMS 0x000000008f100000| PB 0x000000008f100000| Untracked 
| 242|0x000000008f200000, 0x000000008f200000, 0x000000008f300000|  0%| F|  |TAMS 0x000000008f200000| PB 0x000000008f200000| Untracked 
| 243|0x000000008f300000, 0x000000008f400000, 0x000000008f400000|100%| O|  |TAMS 0x000000008f300000| PB 0x000000008f300000| Untracked 
| 244|0x000000008f400000, 0x000000008f400000, 0x000000008f500000|  0%| F|  |TAMS 0x000000008f400000| PB 0x000000008f400000| Untracked 
| 245|0x000000008f500000, 0x000000008f500000, 0x000000008f600000|  0%| F|  |TAMS 0x000000008f500000| PB 0x000000008f500000| Untracked 
| 246|0x000000008f600000, 0x000000008f600000, 0x000000008f700000|  0%| F|  |TAMS 0x000000008f600000| PB 0x000000008f600000| Untracked 
| 247|0x000000008f700000, 0x000000008f700000, 0x000000008f800000|  0%| F|  |TAMS 0x000000008f700000| PB 0x000000008f700000| Untracked 
| 248|0x000000008f800000, 0x000000008f800000, 0x000000008f900000|  0%| F|  |TAMS 0x000000008f800000| PB 0x000000008f800000| Untracked 
| 249|0x000000008f900000, 0x000000008f900000, 0x000000008fa00000|  0%| F|  |TAMS 0x000000008f900000| PB 0x000000008f900000| Untracked 
| 250|0x000000008fa00000, 0x000000008fa00000, 0x000000008fb00000|  0%| F|  |TAMS 0x000000008fa00000| PB 0x000000008fa00000| Untracked 
| 251|0x000000008fb00000, 0x000000008fb00000, 0x000000008fc00000|  0%| F|  |TAMS 0x000000008fb00000| PB 0x000000008fb00000| Untracked 
| 252|0x000000008fc00000, 0x000000008fc00000, 0x000000008fd00000|  0%| F|  |TAMS 0x000000008fc00000| PB 0x000000008fc00000| Untracked 
| 253|0x000000008fd00000, 0x000000008fe00000, 0x000000008fe00000|100%| O|  |TAMS 0x000000008fd00000| PB 0x000000008fd00000| Untracked 
| 254|0x000000008fe00000, 0x000000008ff00000, 0x000000008ff00000|100%| O|  |TAMS 0x000000008fe00000| PB 0x000000008fe00000| Untracked 
| 255|0x000000008ff00000, 0x0000000090000000, 0x0000000090000000|100%| O|  |TAMS 0x000000008ff00000| PB 0x000000008ff00000| Untracked 
| 256|0x0000000090000000, 0x0000000090100000, 0x0000000090100000|100%| O|  |TAMS 0x0000000090000000| PB 0x0000000090000000| Untracked 
| 257|0x0000000090100000, 0x0000000090200000, 0x0000000090200000|100%| O|  |TAMS 0x0000000090100000| PB 0x0000000090100000| Untracked 
| 258|0x0000000090200000, 0x0000000090300000, 0x0000000090300000|100%| O|  |TAMS 0x0000000090200000| PB 0x0000000090200000| Untracked 
| 259|0x0000000090300000, 0x0000000090400000, 0x0000000090400000|100%| O|  |TAMS 0x0000000090300000| PB 0x0000000090300000| Untracked 
| 260|0x0000000090400000, 0x0000000090500000, 0x0000000090500000|100%| O|  |TAMS 0x0000000090400000| PB 0x0000000090400000| Untracked 
| 261|0x0000000090500000, 0x0000000090600000, 0x0000000090600000|100%| O|  |TAMS 0x0000000090500000| PB 0x0000000090500000| Untracked 
| 262|0x0000000090600000, 0x0000000090700000, 0x0000000090700000|100%| O|  |TAMS 0x0000000090600000| PB 0x0000000090600000| Untracked 
| 263|0x0000000090700000, 0x0000000090800000, 0x0000000090800000|100%| O|  |TAMS 0x0000000090700000| PB 0x0000000090700000| Untracked 
| 264|0x0000000090800000, 0x0000000090900000, 0x0000000090900000|100%| O|  |TAMS 0x0000000090800000| PB 0x0000000090800000| Untracked 
| 265|0x0000000090900000, 0x0000000090a00000, 0x0000000090a00000|100%| O|  |TAMS 0x0000000090900000| PB 0x0000000090900000| Untracked 
| 266|0x0000000090a00000, 0x0000000090b00000, 0x0000000090b00000|100%| O|  |TAMS 0x0000000090a00000| PB 0x0000000090a00000| Untracked 
| 267|0x0000000090b00000, 0x0000000090c00000, 0x0000000090c00000|100%| O|  |TAMS 0x0000000090b00000| PB 0x0000000090b00000| Untracked 
| 268|0x0000000090c00000, 0x0000000090d00000, 0x0000000090d00000|100%| O|  |TAMS 0x0000000090c00000| PB 0x0000000090c00000| Untracked 
| 269|0x0000000090d00000, 0x0000000090e00000, 0x0000000090e00000|100%| O|  |TAMS 0x0000000090d00000| PB 0x0000000090d00000| Untracked 
| 270|0x0000000090e00000, 0x0000000090f00000, 0x0000000090f00000|100%| O|  |TAMS 0x0000000090e00000| PB 0x0000000090e00000| Untracked 
| 271|0x0000000090f00000, 0x0000000091000000, 0x0000000091000000|100%| O|  |TAMS 0x0000000090f00000| PB 0x0000000090f00000| Untracked 
| 272|0x0000000091000000, 0x0000000091100000, 0x0000000091100000|100%| O|  |TAMS 0x0000000091000000| PB 0x0000000091000000| Untracked 
| 273|0x0000000091100000, 0x0000000091200000, 0x0000000091200000|100%| O|  |TAMS 0x0000000091100000| PB 0x0000000091100000| Untracked 
| 274|0x0000000091200000, 0x0000000091300000, 0x0000000091300000|100%| O|  |TAMS 0x0000000091200000| PB 0x0000000091200000| Untracked 
| 275|0x0000000091300000, 0x0000000091400000, 0x0000000091400000|100%| O|  |TAMS 0x0000000091300000| PB 0x0000000091300000| Untracked 
| 276|0x0000000091400000, 0x0000000091500000, 0x0000000091500000|100%| O|  |TAMS 0x0000000091400000| PB 0x0000000091400000| Untracked 
| 277|0x0000000091500000, 0x0000000091600000, 0x0000000091600000|100%| O|  |TAMS 0x0000000091500000| PB 0x0000000091500000| Untracked 
| 278|0x0000000091600000, 0x0000000091700000, 0x0000000091700000|100%| O|  |TAMS 0x0000000091600000| PB 0x0000000091600000| Untracked 
| 279|0x0000000091700000, 0x0000000091800000, 0x0000000091800000|100%| O|  |TAMS 0x0000000091700000| PB 0x0000000091700000| Untracked 
| 280|0x0000000091800000, 0x0000000091800000, 0x0000000091900000|  0%| F|  |TAMS 0x0000000091800000| PB 0x0000000091800000| Untracked 
| 281|0x0000000091900000, 0x0000000091900000, 0x0000000091a00000|  0%| F|  |TAMS 0x0000000091900000| PB 0x0000000091900000| Untracked 
| 282|0x0000000091a00000, 0x0000000091a00000, 0x0000000091b00000|  0%| F|  |TAMS 0x0000000091a00000| PB 0x0000000091a00000| Untracked 
| 283|0x0000000091b00000, 0x0000000091b00000, 0x0000000091c00000|  0%| F|  |TAMS 0x0000000091b00000| PB 0x0000000091b00000| Untracked 
| 284|0x0000000091c00000, 0x0000000091c00000, 0x0000000091d00000|  0%| F|  |TAMS 0x0000000091c00000| PB 0x0000000091c00000| Untracked 
| 285|0x0000000091d00000, 0x0000000091d00000, 0x0000000091e00000|  0%| F|  |TAMS 0x0000000091d00000| PB 0x0000000091d00000| Untracked 
| 286|0x0000000091e00000, 0x0000000091e00000, 0x0000000091f00000|  0%| F|  |TAMS 0x0000000091e00000| PB 0x0000000091e00000| Untracked 
| 287|0x0000000091f00000, 0x0000000091f00000, 0x0000000092000000|  0%| F|  |TAMS 0x0000000091f00000| PB 0x0000000091f00000| Untracked 
| 288|0x0000000092000000, 0x0000000092000000, 0x0000000092100000|  0%| F|  |TAMS 0x0000000092000000| PB 0x0000000092000000| Untracked 
| 289|0x0000000092100000, 0x0000000092100000, 0x0000000092200000|  0%| F|  |TAMS 0x0000000092100000| PB 0x0000000092100000| Untracked 
| 290|0x0000000092200000, 0x0000000092200000, 0x0000000092300000|  0%| F|  |TAMS 0x0000000092200000| PB 0x0000000092200000| Untracked 
| 291|0x0000000092300000, 0x0000000092300000, 0x0000000092400000|  0%| F|  |TAMS 0x0000000092300000| PB 0x0000000092300000| Untracked 
| 292|0x0000000092400000, 0x0000000092400000, 0x0000000092500000|  0%| F|  |TAMS 0x0000000092400000| PB 0x0000000092400000| Untracked 
| 293|0x0000000092500000, 0x0000000092500000, 0x0000000092600000|  0%| F|  |TAMS 0x0000000092500000| PB 0x0000000092500000| Untracked 
| 294|0x0000000092600000, 0x0000000092600000, 0x0000000092700000|  0%| F|  |TAMS 0x0000000092600000| PB 0x0000000092600000| Untracked 
| 295|0x0000000092700000, 0x0000000092700000, 0x0000000092800000|  0%| F|  |TAMS 0x0000000092700000| PB 0x0000000092700000| Untracked 
| 296|0x0000000092800000, 0x0000000092800000, 0x0000000092900000|  0%| F|  |TAMS 0x0000000092800000| PB 0x0000000092800000| Untracked 
| 297|0x0000000092900000, 0x0000000092900000, 0x0000000092a00000|  0%| F|  |TAMS 0x0000000092900000| PB 0x0000000092900000| Untracked 
| 298|0x0000000092a00000, 0x0000000092a00000, 0x0000000092b00000|  0%| F|  |TAMS 0x0000000092a00000| PB 0x0000000092a00000| Untracked 
| 299|0x0000000092b00000, 0x0000000092b00000, 0x0000000092c00000|  0%| F|  |TAMS 0x0000000092b00000| PB 0x0000000092b00000| Untracked 
| 300|0x0000000092c00000, 0x0000000092c00000, 0x0000000092d00000|  0%| F|  |TAMS 0x0000000092c00000| PB 0x0000000092c00000| Untracked 
| 301|0x0000000092d00000, 0x0000000092d00000, 0x0000000092e00000|  0%| F|  |TAMS 0x0000000092d00000| PB 0x0000000092d00000| Untracked 
| 302|0x0000000092e00000, 0x0000000092e00000, 0x0000000092f00000|  0%| F|  |TAMS 0x0000000092e00000| PB 0x0000000092e00000| Untracked 
| 303|0x0000000092f00000, 0x0000000092f00000, 0x0000000093000000|  0%| F|  |TAMS 0x0000000092f00000| PB 0x0000000092f00000| Untracked 
| 304|0x0000000093000000, 0x0000000093000000, 0x0000000093100000|  0%| F|  |TAMS 0x0000000093000000| PB 0x0000000093000000| Untracked 
| 305|0x0000000093100000, 0x0000000093100000, 0x0000000093200000|  0%| F|  |TAMS 0x0000000093100000| PB 0x0000000093100000| Untracked 
| 306|0x0000000093200000, 0x0000000093200000, 0x0000000093300000|  0%| F|  |TAMS 0x0000000093200000| PB 0x0000000093200000| Untracked 
| 307|0x0000000093300000, 0x0000000093300000, 0x0000000093400000|  0%| F|  |TAMS 0x0000000093300000| PB 0x0000000093300000| Untracked 
| 308|0x0000000093400000, 0x0000000093400000, 0x0000000093500000|  0%| F|  |TAMS 0x0000000093400000| PB 0x0000000093400000| Untracked 
| 309|0x0000000093500000, 0x0000000093500000, 0x0000000093600000|  0%| F|  |TAMS 0x0000000093500000| PB 0x0000000093500000| Untracked 
| 310|0x0000000093600000, 0x0000000093600000, 0x0000000093700000|  0%| F|  |TAMS 0x0000000093600000| PB 0x0000000093600000| Untracked 
| 311|0x0000000093700000, 0x0000000093700000, 0x0000000093800000|  0%| F|  |TAMS 0x0000000093700000| PB 0x0000000093700000| Untracked 
| 312|0x0000000093800000, 0x0000000093800000, 0x0000000093900000|  0%| F|  |TAMS 0x0000000093800000| PB 0x0000000093800000| Untracked 
| 313|0x0000000093900000, 0x0000000093900000, 0x0000000093a00000|  0%| F|  |TAMS 0x0000000093900000| PB 0x0000000093900000| Untracked 
| 314|0x0000000093a00000, 0x0000000093a00000, 0x0000000093b00000|  0%| F|  |TAMS 0x0000000093a00000| PB 0x0000000093a00000| Untracked 
| 315|0x0000000093b00000, 0x0000000093b00000, 0x0000000093c00000|  0%| F|  |TAMS 0x0000000093b00000| PB 0x0000000093b00000| Untracked 
| 316|0x0000000093c00000, 0x0000000093c00000, 0x0000000093d00000|  0%| F|  |TAMS 0x0000000093c00000| PB 0x0000000093c00000| Untracked 
| 317|0x0000000093d00000, 0x0000000093d00000, 0x0000000093e00000|  0%| F|  |TAMS 0x0000000093d00000| PB 0x0000000093d00000| Untracked 
| 318|0x0000000093e00000, 0x0000000093e00000, 0x0000000093f00000|  0%| F|  |TAMS 0x0000000093e00000| PB 0x0000000093e00000| Untracked 
| 319|0x0000000093f00000, 0x0000000093f00000, 0x0000000094000000|  0%| F|  |TAMS 0x0000000093f00000| PB 0x0000000093f00000| Untracked 
| 320|0x0000000094000000, 0x0000000094000000, 0x0000000094100000|  0%| F|  |TAMS 0x0000000094000000| PB 0x0000000094000000| Untracked 
| 321|0x0000000094100000, 0x0000000094100000, 0x0000000094200000|  0%| F|  |TAMS 0x0000000094100000| PB 0x0000000094100000| Untracked 
| 322|0x0000000094200000, 0x0000000094200000, 0x0000000094300000|  0%| F|  |TAMS 0x0000000094200000| PB 0x0000000094200000| Untracked 
| 323|0x0000000094300000, 0x0000000094300000, 0x0000000094400000|  0%| F|  |TAMS 0x0000000094300000| PB 0x0000000094300000| Untracked 
| 324|0x0000000094400000, 0x0000000094400000, 0x0000000094500000|  0%| F|  |TAMS 0x0000000094400000| PB 0x0000000094400000| Untracked 
| 325|0x0000000094500000, 0x0000000094500000, 0x0000000094600000|  0%| F|  |TAMS 0x0000000094500000| PB 0x0000000094500000| Untracked 
| 326|0x0000000094600000, 0x0000000094600000, 0x0000000094700000|  0%| F|  |TAMS 0x0000000094600000| PB 0x0000000094600000| Untracked 
| 327|0x0000000094700000, 0x0000000094700000, 0x0000000094800000|  0%| F|  |TAMS 0x0000000094700000| PB 0x0000000094700000| Untracked 
| 328|0x0000000094800000, 0x0000000094800000, 0x0000000094900000|  0%| F|  |TAMS 0x0000000094800000| PB 0x0000000094800000| Untracked 
| 329|0x0000000094900000, 0x0000000094900000, 0x0000000094a00000|  0%| F|  |TAMS 0x0000000094900000| PB 0x0000000094900000| Untracked 
| 330|0x0000000094a00000, 0x0000000094a00000, 0x0000000094b00000|  0%| F|  |TAMS 0x0000000094a00000| PB 0x0000000094a00000| Untracked 
| 331|0x0000000094b00000, 0x0000000094b00000, 0x0000000094c00000|  0%| F|  |TAMS 0x0000000094b00000| PB 0x0000000094b00000| Untracked 
| 332|0x0000000094c00000, 0x0000000094c00000, 0x0000000094d00000|  0%| F|  |TAMS 0x0000000094c00000| PB 0x0000000094c00000| Untracked 
| 333|0x0000000094d00000, 0x0000000094d00000, 0x0000000094e00000|  0%| F|  |TAMS 0x0000000094d00000| PB 0x0000000094d00000| Untracked 
| 334|0x0000000094e00000, 0x0000000094e00000, 0x0000000094f00000|  0%| F|  |TAMS 0x0000000094e00000| PB 0x0000000094e00000| Untracked 
| 335|0x0000000094f00000, 0x0000000094f00000, 0x0000000095000000|  0%| F|  |TAMS 0x0000000094f00000| PB 0x0000000094f00000| Untracked 
| 336|0x0000000095000000, 0x0000000095000000, 0x0000000095100000|  0%| F|  |TAMS 0x0000000095000000| PB 0x0000000095000000| Untracked 
| 337|0x0000000095100000, 0x0000000095100000, 0x0000000095200000|  0%| F|  |TAMS 0x0000000095100000| PB 0x0000000095100000| Untracked 
| 338|0x0000000095200000, 0x0000000095200000, 0x0000000095300000|  0%| F|  |TAMS 0x0000000095200000| PB 0x0000000095200000| Untracked 
| 339|0x0000000095300000, 0x0000000095300000, 0x0000000095400000|  0%| F|  |TAMS 0x0000000095300000| PB 0x0000000095300000| Untracked 
| 340|0x0000000095400000, 0x0000000095400000, 0x0000000095500000|  0%| F|  |TAMS 0x0000000095400000| PB 0x0000000095400000| Untracked 
| 341|0x0000000095500000, 0x0000000095500000, 0x0000000095600000|  0%| F|  |TAMS 0x0000000095500000| PB 0x0000000095500000| Untracked 
| 342|0x0000000095600000, 0x0000000095600000, 0x0000000095700000|  0%| F|  |TAMS 0x0000000095600000| PB 0x0000000095600000| Untracked 
| 343|0x0000000095700000, 0x0000000095700000, 0x0000000095800000|  0%| F|  |TAMS 0x0000000095700000| PB 0x0000000095700000| Untracked 
| 344|0x0000000095800000, 0x0000000095800000, 0x0000000095900000|  0%| F|  |TAMS 0x0000000095800000| PB 0x0000000095800000| Untracked 
| 345|0x0000000095900000, 0x0000000095900000, 0x0000000095a00000|  0%| F|  |TAMS 0x0000000095900000| PB 0x0000000095900000| Untracked 
| 346|0x0000000095a00000, 0x0000000095a00000, 0x0000000095b00000|  0%| F|  |TAMS 0x0000000095a00000| PB 0x0000000095a00000| Untracked 
| 347|0x0000000095b00000, 0x0000000095b00000, 0x0000000095c00000|  0%| F|  |TAMS 0x0000000095b00000| PB 0x0000000095b00000| Untracked 
| 348|0x0000000095c00000, 0x0000000095c00000, 0x0000000095d00000|  0%| F|  |TAMS 0x0000000095c00000| PB 0x0000000095c00000| Untracked 
| 349|0x0000000095d00000, 0x0000000095d00000, 0x0000000095e00000|  0%| F|  |TAMS 0x0000000095d00000| PB 0x0000000095d00000| Untracked 
| 350|0x0000000095e00000, 0x0000000095e00000, 0x0000000095f00000|  0%| F|  |TAMS 0x0000000095e00000| PB 0x0000000095e00000| Untracked 
| 351|0x0000000095f00000, 0x0000000095f00000, 0x0000000096000000|  0%| F|  |TAMS 0x0000000095f00000| PB 0x0000000095f00000| Untracked 
| 352|0x0000000096000000, 0x0000000096000000, 0x0000000096100000|  0%| F|  |TAMS 0x0000000096000000| PB 0x0000000096000000| Untracked 
| 353|0x0000000096100000, 0x0000000096100000, 0x0000000096200000|  0%| F|  |TAMS 0x0000000096100000| PB 0x0000000096100000| Untracked 
| 354|0x0000000096200000, 0x0000000096200000, 0x0000000096300000|  0%| F|  |TAMS 0x0000000096200000| PB 0x0000000096200000| Untracked 
| 355|0x0000000096300000, 0x0000000096300000, 0x0000000096400000|  0%| F|  |TAMS 0x0000000096300000| PB 0x0000000096300000| Untracked 
| 356|0x0000000096400000, 0x0000000096400000, 0x0000000096500000|  0%| F|  |TAMS 0x0000000096400000| PB 0x0000000096400000| Untracked 
| 357|0x0000000096500000, 0x0000000096500000, 0x0000000096600000|  0%| F|  |TAMS 0x0000000096500000| PB 0x0000000096500000| Untracked 
| 358|0x0000000096600000, 0x0000000096600000, 0x0000000096700000|  0%| F|  |TAMS 0x0000000096600000| PB 0x0000000096600000| Untracked 
| 359|0x0000000096700000, 0x0000000096700000, 0x0000000096800000|  0%| F|  |TAMS 0x0000000096700000| PB 0x0000000096700000| Untracked 
| 360|0x0000000096800000, 0x0000000096800000, 0x0000000096900000|  0%| F|  |TAMS 0x0000000096800000| PB 0x0000000096800000| Untracked 
| 361|0x0000000096900000, 0x0000000096900000, 0x0000000096a00000|  0%| F|  |TAMS 0x0000000096900000| PB 0x0000000096900000| Untracked 
| 362|0x0000000096a00000, 0x0000000096a00000, 0x0000000096b00000|  0%| F|  |TAMS 0x0000000096a00000| PB 0x0000000096a00000| Untracked 
| 363|0x0000000096b00000, 0x0000000096b00000, 0x0000000096c00000|  0%| F|  |TAMS 0x0000000096b00000| PB 0x0000000096b00000| Untracked 
| 364|0x0000000096c00000, 0x0000000096c00000, 0x0000000096d00000|  0%| F|  |TAMS 0x0000000096c00000| PB 0x0000000096c00000| Untracked 
| 365|0x0000000096d00000, 0x0000000096d00000, 0x0000000096e00000|  0%| F|  |TAMS 0x0000000096d00000| PB 0x0000000096d00000| Untracked 
| 366|0x0000000096e00000, 0x0000000096e00000, 0x0000000096f00000|  0%| F|  |TAMS 0x0000000096e00000| PB 0x0000000096e00000| Untracked 
| 367|0x0000000096f00000, 0x0000000096f00000, 0x0000000097000000|  0%| F|  |TAMS 0x0000000096f00000| PB 0x0000000096f00000| Untracked 
| 368|0x0000000097000000, 0x0000000097000000, 0x0000000097100000|  0%| F|  |TAMS 0x0000000097000000| PB 0x0000000097000000| Untracked 
| 369|0x0000000097100000, 0x0000000097100000, 0x0000000097200000|  0%| F|  |TAMS 0x0000000097100000| PB 0x0000000097100000| Untracked 
| 370|0x0000000097200000, 0x0000000097200000, 0x0000000097300000|  0%| F|  |TAMS 0x0000000097200000| PB 0x0000000097200000| Untracked 
| 371|0x0000000097300000, 0x0000000097300000, 0x0000000097400000|  0%| F|  |TAMS 0x0000000097300000| PB 0x0000000097300000| Untracked 
| 372|0x0000000097400000, 0x0000000097400000, 0x0000000097500000|  0%| F|  |TAMS 0x0000000097400000| PB 0x0000000097400000| Untracked 
| 373|0x0000000097500000, 0x0000000097500000, 0x0000000097600000|  0%| F|  |TAMS 0x0000000097500000| PB 0x0000000097500000| Untracked 
| 374|0x0000000097600000, 0x0000000097600000, 0x0000000097700000|  0%| F|  |TAMS 0x0000000097600000| PB 0x0000000097600000| Untracked 
| 375|0x0000000097700000, 0x0000000097700000, 0x0000000097800000|  0%| F|  |TAMS 0x0000000097700000| PB 0x0000000097700000| Untracked 
| 376|0x0000000097800000, 0x0000000097800000, 0x0000000097900000|  0%| F|  |TAMS 0x0000000097800000| PB 0x0000000097800000| Untracked 
| 377|0x0000000097900000, 0x0000000097900000, 0x0000000097a00000|  0%| F|  |TAMS 0x0000000097900000| PB 0x0000000097900000| Untracked 
| 378|0x0000000097a00000, 0x0000000097a00000, 0x0000000097b00000|  0%| F|  |TAMS 0x0000000097a00000| PB 0x0000000097a00000| Untracked 
| 379|0x0000000097b00000, 0x0000000097b00000, 0x0000000097c00000|  0%| F|  |TAMS 0x0000000097b00000| PB 0x0000000097b00000| Untracked 
| 380|0x0000000097c00000, 0x0000000097c00000, 0x0000000097d00000|  0%| F|  |TAMS 0x0000000097c00000| PB 0x0000000097c00000| Untracked 
| 381|0x0000000097d00000, 0x0000000097d00000, 0x0000000097e00000|  0%| F|  |TAMS 0x0000000097d00000| PB 0x0000000097d00000| Untracked 
| 382|0x0000000097e00000, 0x0000000097e00000, 0x0000000097f00000|  0%| F|  |TAMS 0x0000000097e00000| PB 0x0000000097e00000| Untracked 
| 383|0x0000000097f00000, 0x0000000097f00000, 0x0000000098000000|  0%| F|  |TAMS 0x0000000097f00000| PB 0x0000000097f00000| Untracked 
| 384|0x0000000098000000, 0x0000000098000000, 0x0000000098100000|  0%| F|  |TAMS 0x0000000098000000| PB 0x0000000098000000| Untracked 
| 385|0x0000000098100000, 0x0000000098100000, 0x0000000098200000|  0%| F|  |TAMS 0x0000000098100000| PB 0x0000000098100000| Untracked 
| 386|0x0000000098200000, 0x0000000098200000, 0x0000000098300000|  0%| F|  |TAMS 0x0000000098200000| PB 0x0000000098200000| Untracked 
| 387|0x0000000098300000, 0x0000000098300000, 0x0000000098400000|  0%| F|  |TAMS 0x0000000098300000| PB 0x0000000098300000| Untracked 
| 388|0x0000000098400000, 0x0000000098400000, 0x0000000098500000|  0%| F|  |TAMS 0x0000000098400000| PB 0x0000000098400000| Untracked 
| 389|0x0000000098500000, 0x0000000098500000, 0x0000000098600000|  0%| F|  |TAMS 0x0000000098500000| PB 0x0000000098500000| Untracked 
| 390|0x0000000098600000, 0x0000000098600000, 0x0000000098700000|  0%| F|  |TAMS 0x0000000098600000| PB 0x0000000098600000| Untracked 
| 391|0x0000000098700000, 0x0000000098700000, 0x0000000098800000|  0%| F|  |TAMS 0x0000000098700000| PB 0x0000000098700000| Untracked 
| 392|0x0000000098800000, 0x0000000098800000, 0x0000000098900000|  0%| F|  |TAMS 0x0000000098800000| PB 0x0000000098800000| Untracked 
| 393|0x0000000098900000, 0x0000000098900000, 0x0000000098a00000|  0%| F|  |TAMS 0x0000000098900000| PB 0x0000000098900000| Untracked 
| 394|0x0000000098a00000, 0x0000000098a00000, 0x0000000098b00000|  0%| F|  |TAMS 0x0000000098a00000| PB 0x0000000098a00000| Untracked 
| 395|0x0000000098b00000, 0x0000000098b00000, 0x0000000098c00000|  0%| F|  |TAMS 0x0000000098b00000| PB 0x0000000098b00000| Untracked 
| 396|0x0000000098c00000, 0x0000000098c00000, 0x0000000098d00000|  0%| F|  |TAMS 0x0000000098c00000| PB 0x0000000098c00000| Untracked 
| 397|0x0000000098d00000, 0x0000000098d00000, 0x0000000098e00000|  0%| F|  |TAMS 0x0000000098d00000| PB 0x0000000098d00000| Untracked 
| 398|0x0000000098e00000, 0x0000000098e00000, 0x0000000098f00000|  0%| F|  |TAMS 0x0000000098e00000| PB 0x0000000098e00000| Untracked 
| 399|0x0000000098f00000, 0x0000000098f00000, 0x0000000099000000|  0%| F|  |TAMS 0x0000000098f00000| PB 0x0000000098f00000| Untracked 
| 400|0x0000000099000000, 0x0000000099000000, 0x0000000099100000|  0%| F|  |TAMS 0x0000000099000000| PB 0x0000000099000000| Untracked 
| 401|0x0000000099100000, 0x0000000099100000, 0x0000000099200000|  0%| F|  |TAMS 0x0000000099100000| PB 0x0000000099100000| Untracked 
| 402|0x0000000099200000, 0x0000000099200000, 0x0000000099300000|  0%| F|  |TAMS 0x0000000099200000| PB 0x0000000099200000| Untracked 
| 403|0x0000000099300000, 0x0000000099300000, 0x0000000099400000|  0%| F|  |TAMS 0x0000000099300000| PB 0x0000000099300000| Untracked 
| 404|0x0000000099400000, 0x0000000099400000, 0x0000000099500000|  0%| F|  |TAMS 0x0000000099400000| PB 0x0000000099400000| Untracked 
| 405|0x0000000099500000, 0x0000000099500000, 0x0000000099600000|  0%| F|  |TAMS 0x0000000099500000| PB 0x0000000099500000| Untracked 
| 406|0x0000000099600000, 0x0000000099600000, 0x0000000099700000|  0%| F|  |TAMS 0x0000000099600000| PB 0x0000000099600000| Untracked 
| 407|0x0000000099700000, 0x0000000099700000, 0x0000000099800000|  0%| F|  |TAMS 0x0000000099700000| PB 0x0000000099700000| Untracked 
| 408|0x0000000099800000, 0x0000000099800000, 0x0000000099900000|  0%| F|  |TAMS 0x0000000099800000| PB 0x0000000099800000| Untracked 
| 409|0x0000000099900000, 0x0000000099900000, 0x0000000099a00000|  0%| F|  |TAMS 0x0000000099900000| PB 0x0000000099900000| Untracked 
| 410|0x0000000099a00000, 0x0000000099a00000, 0x0000000099b00000|  0%| F|  |TAMS 0x0000000099a00000| PB 0x0000000099a00000| Untracked 
| 411|0x0000000099b00000, 0x0000000099b00000, 0x0000000099c00000|  0%| F|  |TAMS 0x0000000099b00000| PB 0x0000000099b00000| Untracked 
| 412|0x0000000099c00000, 0x0000000099c00000, 0x0000000099d00000|  0%| F|  |TAMS 0x0000000099c00000| PB 0x0000000099c00000| Untracked 
| 413|0x0000000099d00000, 0x0000000099d00000, 0x0000000099e00000|  0%| F|  |TAMS 0x0000000099d00000| PB 0x0000000099d00000| Untracked 
| 414|0x0000000099e00000, 0x0000000099e00000, 0x0000000099f00000|  0%| F|  |TAMS 0x0000000099e00000| PB 0x0000000099e00000| Untracked 
| 415|0x0000000099f00000, 0x0000000099f00000, 0x000000009a000000|  0%| F|  |TAMS 0x0000000099f00000| PB 0x0000000099f00000| Untracked 
| 416|0x000000009a000000, 0x000000009a000000, 0x000000009a100000|  0%| F|  |TAMS 0x000000009a000000| PB 0x000000009a000000| Untracked 
| 417|0x000000009a100000, 0x000000009a100000, 0x000000009a200000|  0%| F|  |TAMS 0x000000009a100000| PB 0x000000009a100000| Untracked 
| 418|0x000000009a200000, 0x000000009a200000, 0x000000009a300000|  0%| F|  |TAMS 0x000000009a200000| PB 0x000000009a200000| Untracked 
| 419|0x000000009a300000, 0x000000009a300000, 0x000000009a400000|  0%| F|  |TAMS 0x000000009a300000| PB 0x000000009a300000| Untracked 
| 420|0x000000009a400000, 0x000000009a400000, 0x000000009a500000|  0%| F|  |TAMS 0x000000009a400000| PB 0x000000009a400000| Untracked 
| 421|0x000000009a500000, 0x000000009a500000, 0x000000009a600000|  0%| F|  |TAMS 0x000000009a500000| PB 0x000000009a500000| Untracked 
| 422|0x000000009a600000, 0x000000009a600000, 0x000000009a700000|  0%| F|  |TAMS 0x000000009a600000| PB 0x000000009a600000| Untracked 
| 423|0x000000009a700000, 0x000000009a700000, 0x000000009a800000|  0%| F|  |TAMS 0x000000009a700000| PB 0x000000009a700000| Untracked 
| 424|0x000000009a800000, 0x000000009a800000, 0x000000009a900000|  0%| F|  |TAMS 0x000000009a800000| PB 0x000000009a800000| Untracked 
| 425|0x000000009a900000, 0x000000009a900000, 0x000000009aa00000|  0%| F|  |TAMS 0x000000009a900000| PB 0x000000009a900000| Untracked 
| 426|0x000000009aa00000, 0x000000009aa00000, 0x000000009ab00000|  0%| F|  |TAMS 0x000000009aa00000| PB 0x000000009aa00000| Untracked 
| 427|0x000000009ab00000, 0x000000009ab00000, 0x000000009ac00000|  0%| F|  |TAMS 0x000000009ab00000| PB 0x000000009ab00000| Untracked 
| 428|0x000000009ac00000, 0x000000009ac00000, 0x000000009ad00000|  0%| F|  |TAMS 0x000000009ac00000| PB 0x000000009ac00000| Untracked 
| 429|0x000000009ad00000, 0x000000009ad00000, 0x000000009ae00000|  0%| F|  |TAMS 0x000000009ad00000| PB 0x000000009ad00000| Untracked 
| 430|0x000000009ae00000, 0x000000009ae00000, 0x000000009af00000|  0%| F|  |TAMS 0x000000009ae00000| PB 0x000000009ae00000| Untracked 
| 431|0x000000009af00000, 0x000000009af00000, 0x000000009b000000|  0%| F|  |TAMS 0x000000009af00000| PB 0x000000009af00000| Untracked 
| 432|0x000000009b000000, 0x000000009b000000, 0x000000009b100000|  0%| F|  |TAMS 0x000000009b000000| PB 0x000000009b000000| Untracked 
| 433|0x000000009b100000, 0x000000009b100000, 0x000000009b200000|  0%| F|  |TAMS 0x000000009b100000| PB 0x000000009b100000| Untracked 
| 434|0x000000009b200000, 0x000000009b200000, 0x000000009b300000|  0%| F|  |TAMS 0x000000009b200000| PB 0x000000009b200000| Untracked 
| 435|0x000000009b300000, 0x000000009b300000, 0x000000009b400000|  0%| F|  |TAMS 0x000000009b300000| PB 0x000000009b300000| Untracked 
| 436|0x000000009b400000, 0x000000009b400000, 0x000000009b500000|  0%| F|  |TAMS 0x000000009b400000| PB 0x000000009b400000| Untracked 
| 437|0x000000009b500000, 0x000000009b500000, 0x000000009b600000|  0%| F|  |TAMS 0x000000009b500000| PB 0x000000009b500000| Untracked 
| 438|0x000000009b600000, 0x000000009b600000, 0x000000009b700000|  0%| F|  |TAMS 0x000000009b600000| PB 0x000000009b600000| Untracked 
| 439|0x000000009b700000, 0x000000009b700000, 0x000000009b800000|  0%| F|  |TAMS 0x000000009b700000| PB 0x000000009b700000| Untracked 
| 440|0x000000009b800000, 0x000000009b800000, 0x000000009b900000|  0%| F|  |TAMS 0x000000009b800000| PB 0x000000009b800000| Untracked 
| 441|0x000000009b900000, 0x000000009b900000, 0x000000009ba00000|  0%| F|  |TAMS 0x000000009b900000| PB 0x000000009b900000| Untracked 
| 442|0x000000009ba00000, 0x000000009ba00000, 0x000000009bb00000|  0%| F|  |TAMS 0x000000009ba00000| PB 0x000000009ba00000| Untracked 
| 443|0x000000009bb00000, 0x000000009bb00000, 0x000000009bc00000|  0%| F|  |TAMS 0x000000009bb00000| PB 0x000000009bb00000| Untracked 
| 444|0x000000009bc00000, 0x000000009bc00000, 0x000000009bd00000|  0%| F|  |TAMS 0x000000009bc00000| PB 0x000000009bc00000| Untracked 
| 445|0x000000009bd00000, 0x000000009bd00000, 0x000000009be00000|  0%| F|  |TAMS 0x000000009bd00000| PB 0x000000009bd00000| Untracked 
| 446|0x000000009be00000, 0x000000009be00000, 0x000000009bf00000|  0%| F|  |TAMS 0x000000009be00000| PB 0x000000009be00000| Untracked 
| 447|0x000000009bf00000, 0x000000009bf00000, 0x000000009c000000|  0%| F|  |TAMS 0x000000009bf00000| PB 0x000000009bf00000| Untracked 
| 448|0x000000009c000000, 0x000000009c000000, 0x000000009c100000|  0%| F|  |TAMS 0x000000009c000000| PB 0x000000009c000000| Untracked 
| 449|0x000000009c100000, 0x000000009c100000, 0x000000009c200000|  0%| F|  |TAMS 0x000000009c100000| PB 0x000000009c100000| Untracked 
| 450|0x000000009c200000, 0x000000009c200000, 0x000000009c300000|  0%| F|  |TAMS 0x000000009c200000| PB 0x000000009c200000| Untracked 
| 451|0x000000009c300000, 0x000000009c300000, 0x000000009c400000|  0%| F|  |TAMS 0x000000009c300000| PB 0x000000009c300000| Untracked 
| 452|0x000000009c400000, 0x000000009c400000, 0x000000009c500000|  0%| F|  |TAMS 0x000000009c400000| PB 0x000000009c400000| Untracked 
| 453|0x000000009c500000, 0x000000009c500000, 0x000000009c600000|  0%| F|  |TAMS 0x000000009c500000| PB 0x000000009c500000| Untracked 
| 454|0x000000009c600000, 0x000000009c600000, 0x000000009c700000|  0%| F|  |TAMS 0x000000009c600000| PB 0x000000009c600000| Untracked 
| 455|0x000000009c700000, 0x000000009c700000, 0x000000009c800000|  0%| F|  |TAMS 0x000000009c700000| PB 0x000000009c700000| Untracked 
| 456|0x000000009c800000, 0x000000009c800000, 0x000000009c900000|  0%| F|  |TAMS 0x000000009c800000| PB 0x000000009c800000| Untracked 
| 457|0x000000009c900000, 0x000000009c900000, 0x000000009ca00000|  0%| F|  |TAMS 0x000000009c900000| PB 0x000000009c900000| Untracked 
| 458|0x000000009ca00000, 0x000000009ca00000, 0x000000009cb00000|  0%| F|  |TAMS 0x000000009ca00000| PB 0x000000009ca00000| Untracked 
| 459|0x000000009cb00000, 0x000000009cb00000, 0x000000009cc00000|  0%| F|  |TAMS 0x000000009cb00000| PB 0x000000009cb00000| Untracked 
| 460|0x000000009cc00000, 0x000000009cc00000, 0x000000009cd00000|  0%| F|  |TAMS 0x000000009cc00000| PB 0x000000009cc00000| Untracked 
| 461|0x000000009cd00000, 0x000000009cd00000, 0x000000009ce00000|  0%| F|  |TAMS 0x000000009cd00000| PB 0x000000009cd00000| Untracked 
| 462|0x000000009ce00000, 0x000000009cee63a8, 0x000000009cf00000| 89%| S|CS|TAMS 0x000000009ce00000| PB 0x000000009ce00000| Complete 
| 463|0x000000009cf00000, 0x000000009d000000, 0x000000009d000000|100%| S|CS|TAMS 0x000000009cf00000| PB 0x000000009cf00000| Complete 
| 464|0x000000009d000000, 0x000000009d100000, 0x000000009d100000|100%| S|CS|TAMS 0x000000009d000000| PB 0x000000009d000000| Complete 
| 465|0x000000009d100000, 0x000000009d200000, 0x000000009d200000|100%| S|CS|TAMS 0x000000009d100000| PB 0x000000009d100000| Complete 
| 466|0x000000009d200000, 0x000000009d200000, 0x000000009d300000|  0%| F|  |TAMS 0x000000009d200000| PB 0x000000009d200000| Untracked 
| 467|0x000000009d300000, 0x000000009d300000, 0x000000009d400000|  0%| F|  |TAMS 0x000000009d300000| PB 0x000000009d300000| Untracked 
| 468|0x000000009d400000, 0x000000009d400000, 0x000000009d500000|  0%| F|  |TAMS 0x000000009d400000| PB 0x000000009d400000| Untracked 
| 469|0x000000009d500000, 0x000000009d500000, 0x000000009d600000|  0%| F|  |TAMS 0x000000009d500000| PB 0x000000009d500000| Untracked 
| 470|0x000000009d600000, 0x000000009d600000, 0x000000009d700000|  0%| F|  |TAMS 0x000000009d600000| PB 0x000000009d600000| Untracked 
| 471|0x000000009d700000, 0x000000009d700000, 0x000000009d800000|  0%| F|  |TAMS 0x000000009d700000| PB 0x000000009d700000| Untracked 
| 472|0x000000009d800000, 0x000000009d800000, 0x000000009d900000|  0%| F|  |TAMS 0x000000009d800000| PB 0x000000009d800000| Untracked 
| 473|0x000000009d900000, 0x000000009d900000, 0x000000009da00000|  0%| F|  |TAMS 0x000000009d900000| PB 0x000000009d900000| Untracked 
| 474|0x000000009da00000, 0x000000009da00000, 0x000000009db00000|  0%| F|  |TAMS 0x000000009da00000| PB 0x000000009da00000| Untracked 
| 475|0x000000009db00000, 0x000000009db00000, 0x000000009dc00000|  0%| F|  |TAMS 0x000000009db00000| PB 0x000000009db00000| Untracked 
| 476|0x000000009dc00000, 0x000000009dc00000, 0x000000009dd00000|  0%| F|  |TAMS 0x000000009dc00000| PB 0x000000009dc00000| Untracked 
| 477|0x000000009dd00000, 0x000000009dd00000, 0x000000009de00000|  0%| F|  |TAMS 0x000000009dd00000| PB 0x000000009dd00000| Untracked 
| 478|0x000000009de00000, 0x000000009de00000, 0x000000009df00000|  0%| F|  |TAMS 0x000000009de00000| PB 0x000000009de00000| Untracked 
| 479|0x000000009df00000, 0x000000009df00000, 0x000000009e000000|  0%| F|  |TAMS 0x000000009df00000| PB 0x000000009df00000| Untracked 
| 480|0x000000009e000000, 0x000000009e000000, 0x000000009e100000|  0%| F|  |TAMS 0x000000009e000000| PB 0x000000009e000000| Untracked 
| 481|0x000000009e100000, 0x000000009e100000, 0x000000009e200000|  0%| F|  |TAMS 0x000000009e100000| PB 0x000000009e100000| Untracked 
| 482|0x000000009e200000, 0x000000009e200000, 0x000000009e300000|  0%| F|  |TAMS 0x000000009e200000| PB 0x000000009e200000| Untracked 
| 483|0x000000009e300000, 0x000000009e300000, 0x000000009e400000|  0%| F|  |TAMS 0x000000009e300000| PB 0x000000009e300000| Untracked 
| 484|0x000000009e400000, 0x000000009e400000, 0x000000009e500000|  0%| F|  |TAMS 0x000000009e400000| PB 0x000000009e400000| Untracked 
| 485|0x000000009e500000, 0x000000009e500000, 0x000000009e600000|  0%| F|  |TAMS 0x000000009e500000| PB 0x000000009e500000| Untracked 
| 486|0x000000009e600000, 0x000000009e600000, 0x000000009e700000|  0%| F|  |TAMS 0x000000009e600000| PB 0x000000009e600000| Untracked 
| 487|0x000000009e700000, 0x000000009e700000, 0x000000009e800000|  0%| F|  |TAMS 0x000000009e700000| PB 0x000000009e700000| Untracked 
| 488|0x000000009e800000, 0x000000009e800000, 0x000000009e900000|  0%| F|  |TAMS 0x000000009e800000| PB 0x000000009e800000| Untracked 
| 489|0x000000009e900000, 0x000000009e900000, 0x000000009ea00000|  0%| F|  |TAMS 0x000000009e900000| PB 0x000000009e900000| Untracked 
| 490|0x000000009ea00000, 0x000000009ea00000, 0x000000009eb00000|  0%| F|  |TAMS 0x000000009ea00000| PB 0x000000009ea00000| Untracked 
| 491|0x000000009eb00000, 0x000000009eb00000, 0x000000009ec00000|  0%| F|  |TAMS 0x000000009eb00000| PB 0x000000009eb00000| Untracked 
| 492|0x000000009ec00000, 0x000000009ec00000, 0x000000009ed00000|  0%| F|  |TAMS 0x000000009ec00000| PB 0x000000009ec00000| Untracked 
| 493|0x000000009ed00000, 0x000000009ed00000, 0x000000009ee00000|  0%| F|  |TAMS 0x000000009ed00000| PB 0x000000009ed00000| Untracked 
| 494|0x000000009ee00000, 0x000000009ee00000, 0x000000009ef00000|  0%| F|  |TAMS 0x000000009ee00000| PB 0x000000009ee00000| Untracked 
| 495|0x000000009ef00000, 0x000000009ef00000, 0x000000009f000000|  0%| F|  |TAMS 0x000000009ef00000| PB 0x000000009ef00000| Untracked 
| 496|0x000000009f000000, 0x000000009f000000, 0x000000009f100000|  0%| F|  |TAMS 0x000000009f000000| PB 0x000000009f000000| Untracked 
| 497|0x000000009f100000, 0x000000009f100000, 0x000000009f200000|  0%| F|  |TAMS 0x000000009f100000| PB 0x000000009f100000| Untracked 
| 498|0x000000009f200000, 0x000000009f200000, 0x000000009f300000|  0%| F|  |TAMS 0x000000009f200000| PB 0x000000009f200000| Untracked 
| 499|0x000000009f300000, 0x000000009f300000, 0x000000009f400000|  0%| F|  |TAMS 0x000000009f300000| PB 0x000000009f300000| Untracked 
| 500|0x000000009f400000, 0x000000009f400000, 0x000000009f500000|  0%| F|  |TAMS 0x000000009f400000| PB 0x000000009f400000| Untracked 
| 501|0x000000009f500000, 0x000000009f500000, 0x000000009f600000|  0%| F|  |TAMS 0x000000009f500000| PB 0x000000009f500000| Untracked 
| 502|0x000000009f600000, 0x000000009f600000, 0x000000009f700000|  0%| F|  |TAMS 0x000000009f600000| PB 0x000000009f600000| Untracked 
| 503|0x000000009f700000, 0x000000009f700000, 0x000000009f800000|  0%| F|  |TAMS 0x000000009f700000| PB 0x000000009f700000| Untracked 
| 504|0x000000009f800000, 0x000000009f800000, 0x000000009f900000|  0%| F|  |TAMS 0x000000009f800000| PB 0x000000009f800000| Untracked 
| 505|0x000000009f900000, 0x000000009f900000, 0x000000009fa00000|  0%| F|  |TAMS 0x000000009f900000| PB 0x000000009f900000| Untracked 
| 506|0x000000009fa00000, 0x000000009fa00000, 0x000000009fb00000|  0%| F|  |TAMS 0x000000009fa00000| PB 0x000000009fa00000| Untracked 
| 507|0x000000009fb00000, 0x000000009fb00000, 0x000000009fc00000|  0%| F|  |TAMS 0x000000009fb00000| PB 0x000000009fb00000| Untracked 
| 508|0x000000009fc00000, 0x000000009fc00000, 0x000000009fd00000|  0%| F|  |TAMS 0x000000009fc00000| PB 0x000000009fc00000| Untracked 
| 509|0x000000009fd00000, 0x000000009fd00000, 0x000000009fe00000|  0%| F|  |TAMS 0x000000009fd00000| PB 0x000000009fd00000| Untracked 
| 510|0x000000009fe00000, 0x000000009fe00000, 0x000000009ff00000|  0%| F|  |TAMS 0x000000009fe00000| PB 0x000000009fe00000| Untracked 
| 511|0x000000009ff00000, 0x000000009ff00000, 0x00000000a0000000|  0%| F|  |TAMS 0x000000009ff00000| PB 0x000000009ff00000| Untracked 
| 512|0x00000000a0000000, 0x00000000a0000000, 0x00000000a0100000|  0%| F|  |TAMS 0x00000000a0000000| PB 0x00000000a0000000| Untracked 
| 513|0x00000000a0100000, 0x00000000a0100000, 0x00000000a0200000|  0%| F|  |TAMS 0x00000000a0100000| PB 0x00000000a0100000| Untracked 
| 514|0x00000000a0200000, 0x00000000a0200000, 0x00000000a0300000|  0%| F|  |TAMS 0x00000000a0200000| PB 0x00000000a0200000| Untracked 
| 515|0x00000000a0300000, 0x00000000a0300000, 0x00000000a0400000|  0%| F|  |TAMS 0x00000000a0300000| PB 0x00000000a0300000| Untracked 
| 516|0x00000000a0400000, 0x00000000a0400000, 0x00000000a0500000|  0%| F|  |TAMS 0x00000000a0400000| PB 0x00000000a0400000| Untracked 
| 517|0x00000000a0500000, 0x00000000a0500000, 0x00000000a0600000|  0%| F|  |TAMS 0x00000000a0500000| PB 0x00000000a0500000| Untracked 
| 518|0x00000000a0600000, 0x00000000a0600000, 0x00000000a0700000|  0%| F|  |TAMS 0x00000000a0600000| PB 0x00000000a0600000| Untracked 
| 519|0x00000000a0700000, 0x00000000a0700000, 0x00000000a0800000|  0%| F|  |TAMS 0x00000000a0700000| PB 0x00000000a0700000| Untracked 
| 520|0x00000000a0800000, 0x00000000a0800000, 0x00000000a0900000|  0%| F|  |TAMS 0x00000000a0800000| PB 0x00000000a0800000| Untracked 
| 521|0x00000000a0900000, 0x00000000a0900000, 0x00000000a0a00000|  0%| F|  |TAMS 0x00000000a0900000| PB 0x00000000a0900000| Untracked 
| 522|0x00000000a0a00000, 0x00000000a0a00000, 0x00000000a0b00000|  0%| F|  |TAMS 0x00000000a0a00000| PB 0x00000000a0a00000| Untracked 
| 523|0x00000000a0b00000, 0x00000000a0b00000, 0x00000000a0c00000|  0%| F|  |TAMS 0x00000000a0b00000| PB 0x00000000a0b00000| Untracked 
| 524|0x00000000a0c00000, 0x00000000a0c00000, 0x00000000a0d00000|  0%| F|  |TAMS 0x00000000a0c00000| PB 0x00000000a0c00000| Untracked 
| 525|0x00000000a0d00000, 0x00000000a0d00000, 0x00000000a0e00000|  0%| F|  |TAMS 0x00000000a0d00000| PB 0x00000000a0d00000| Untracked 
| 526|0x00000000a0e00000, 0x00000000a0e00000, 0x00000000a0f00000|  0%| F|  |TAMS 0x00000000a0e00000| PB 0x00000000a0e00000| Untracked 
| 527|0x00000000a0f00000, 0x00000000a0f00000, 0x00000000a1000000|  0%| F|  |TAMS 0x00000000a0f00000| PB 0x00000000a0f00000| Untracked 
| 528|0x00000000a1000000, 0x00000000a1000000, 0x00000000a1100000|  0%| F|  |TAMS 0x00000000a1000000| PB 0x00000000a1000000| Untracked 
| 529|0x00000000a1100000, 0x00000000a1100000, 0x00000000a1200000|  0%| F|  |TAMS 0x00000000a1100000| PB 0x00000000a1100000| Untracked 
| 530|0x00000000a1200000, 0x00000000a1200000, 0x00000000a1300000|  0%| F|  |TAMS 0x00000000a1200000| PB 0x00000000a1200000| Untracked 
| 531|0x00000000a1300000, 0x00000000a1300000, 0x00000000a1400000|  0%| F|  |TAMS 0x00000000a1300000| PB 0x00000000a1300000| Untracked 
| 532|0x00000000a1400000, 0x00000000a1400000, 0x00000000a1500000|  0%| F|  |TAMS 0x00000000a1400000| PB 0x00000000a1400000| Untracked 
| 533|0x00000000a1500000, 0x00000000a1500000, 0x00000000a1600000|  0%| F|  |TAMS 0x00000000a1500000| PB 0x00000000a1500000| Untracked 
| 534|0x00000000a1600000, 0x00000000a1600000, 0x00000000a1700000|  0%| F|  |TAMS 0x00000000a1600000| PB 0x00000000a1600000| Untracked 
| 535|0x00000000a1700000, 0x00000000a1700000, 0x00000000a1800000|  0%| F|  |TAMS 0x00000000a1700000| PB 0x00000000a1700000| Untracked 
| 536|0x00000000a1800000, 0x00000000a1800000, 0x00000000a1900000|  0%| F|  |TAMS 0x00000000a1800000| PB 0x00000000a1800000| Untracked 
| 537|0x00000000a1900000, 0x00000000a1900000, 0x00000000a1a00000|  0%| F|  |TAMS 0x00000000a1900000| PB 0x00000000a1900000| Untracked 
| 538|0x00000000a1a00000, 0x00000000a1a00000, 0x00000000a1b00000|  0%| F|  |TAMS 0x00000000a1a00000| PB 0x00000000a1a00000| Untracked 
| 539|0x00000000a1b00000, 0x00000000a1b00000, 0x00000000a1c00000|  0%| F|  |TAMS 0x00000000a1b00000| PB 0x00000000a1b00000| Untracked 
| 540|0x00000000a1c00000, 0x00000000a1c00000, 0x00000000a1d00000|  0%| F|  |TAMS 0x00000000a1c00000| PB 0x00000000a1c00000| Untracked 
| 541|0x00000000a1d00000, 0x00000000a1d00000, 0x00000000a1e00000|  0%| F|  |TAMS 0x00000000a1d00000| PB 0x00000000a1d00000| Untracked 
| 542|0x00000000a1e00000, 0x00000000a1e00000, 0x00000000a1f00000|  0%| F|  |TAMS 0x00000000a1e00000| PB 0x00000000a1e00000| Untracked 
| 543|0x00000000a1f00000, 0x00000000a1f00000, 0x00000000a2000000|  0%| F|  |TAMS 0x00000000a1f00000| PB 0x00000000a1f00000| Untracked 
| 544|0x00000000a2000000, 0x00000000a2000000, 0x00000000a2100000|  0%| F|  |TAMS 0x00000000a2000000| PB 0x00000000a2000000| Untracked 
| 545|0x00000000a2100000, 0x00000000a2100000, 0x00000000a2200000|  0%| F|  |TAMS 0x00000000a2100000| PB 0x00000000a2100000| Untracked 
| 546|0x00000000a2200000, 0x00000000a2200000, 0x00000000a2300000|  0%| F|  |TAMS 0x00000000a2200000| PB 0x00000000a2200000| Untracked 
| 547|0x00000000a2300000, 0x00000000a2300000, 0x00000000a2400000|  0%| F|  |TAMS 0x00000000a2300000| PB 0x00000000a2300000| Untracked 
| 548|0x00000000a2400000, 0x00000000a2400000, 0x00000000a2500000|  0%| F|  |TAMS 0x00000000a2400000| PB 0x00000000a2400000| Untracked 
| 549|0x00000000a2500000, 0x00000000a2500000, 0x00000000a2600000|  0%| F|  |TAMS 0x00000000a2500000| PB 0x00000000a2500000| Untracked 
| 550|0x00000000a2600000, 0x00000000a2600000, 0x00000000a2700000|  0%| F|  |TAMS 0x00000000a2600000| PB 0x00000000a2600000| Untracked 
| 551|0x00000000a2700000, 0x00000000a2700000, 0x00000000a2800000|  0%| F|  |TAMS 0x00000000a2700000| PB 0x00000000a2700000| Untracked 
| 552|0x00000000a2800000, 0x00000000a2800000, 0x00000000a2900000|  0%| F|  |TAMS 0x00000000a2800000| PB 0x00000000a2800000| Untracked 
| 553|0x00000000a2900000, 0x00000000a2900000, 0x00000000a2a00000|  0%| F|  |TAMS 0x00000000a2900000| PB 0x00000000a2900000| Untracked 
| 554|0x00000000a2a00000, 0x00000000a2a00000, 0x00000000a2b00000|  0%| F|  |TAMS 0x00000000a2a00000| PB 0x00000000a2a00000| Untracked 
| 555|0x00000000a2b00000, 0x00000000a2b00000, 0x00000000a2c00000|  0%| F|  |TAMS 0x00000000a2b00000| PB 0x00000000a2b00000| Untracked 
| 556|0x00000000a2c00000, 0x00000000a2c00000, 0x00000000a2d00000|  0%| F|  |TAMS 0x00000000a2c00000| PB 0x00000000a2c00000| Untracked 
| 557|0x00000000a2d00000, 0x00000000a2d00000, 0x00000000a2e00000|  0%| F|  |TAMS 0x00000000a2d00000| PB 0x00000000a2d00000| Untracked 
| 558|0x00000000a2e00000, 0x00000000a2e00000, 0x00000000a2f00000|  0%| F|  |TAMS 0x00000000a2e00000| PB 0x00000000a2e00000| Untracked 
| 559|0x00000000a2f00000, 0x00000000a2f00000, 0x00000000a3000000|  0%| F|  |TAMS 0x00000000a2f00000| PB 0x00000000a2f00000| Untracked 
| 560|0x00000000a3000000, 0x00000000a3000000, 0x00000000a3100000|  0%| F|  |TAMS 0x00000000a3000000| PB 0x00000000a3000000| Untracked 
| 561|0x00000000a3100000, 0x00000000a3100000, 0x00000000a3200000|  0%| F|  |TAMS 0x00000000a3100000| PB 0x00000000a3100000| Untracked 
| 562|0x00000000a3200000, 0x00000000a3200000, 0x00000000a3300000|  0%| F|  |TAMS 0x00000000a3200000| PB 0x00000000a3200000| Untracked 
| 563|0x00000000a3300000, 0x00000000a3300000, 0x00000000a3400000|  0%| F|  |TAMS 0x00000000a3300000| PB 0x00000000a3300000| Untracked 
| 564|0x00000000a3400000, 0x00000000a3400000, 0x00000000a3500000|  0%| F|  |TAMS 0x00000000a3400000| PB 0x00000000a3400000| Untracked 
| 565|0x00000000a3500000, 0x00000000a3500000, 0x00000000a3600000|  0%| F|  |TAMS 0x00000000a3500000| PB 0x00000000a3500000| Untracked 
| 566|0x00000000a3600000, 0x00000000a3600000, 0x00000000a3700000|  0%| F|  |TAMS 0x00000000a3600000| PB 0x00000000a3600000| Untracked 
| 567|0x00000000a3700000, 0x00000000a3700000, 0x00000000a3800000|  0%| F|  |TAMS 0x00000000a3700000| PB 0x00000000a3700000| Untracked 
| 568|0x00000000a3800000, 0x00000000a3800000, 0x00000000a3900000|  0%| F|  |TAMS 0x00000000a3800000| PB 0x00000000a3800000| Untracked 
| 569|0x00000000a3900000, 0x00000000a3900000, 0x00000000a3a00000|  0%| F|  |TAMS 0x00000000a3900000| PB 0x00000000a3900000| Untracked 
| 570|0x00000000a3a00000, 0x00000000a3a00000, 0x00000000a3b00000|  0%| F|  |TAMS 0x00000000a3a00000| PB 0x00000000a3a00000| Untracked 
| 571|0x00000000a3b00000, 0x00000000a3b00000, 0x00000000a3c00000|  0%| F|  |TAMS 0x00000000a3b00000| PB 0x00000000a3b00000| Untracked 
| 572|0x00000000a3c00000, 0x00000000a3c00000, 0x00000000a3d00000|  0%| F|  |TAMS 0x00000000a3c00000| PB 0x00000000a3c00000| Untracked 
| 573|0x00000000a3d00000, 0x00000000a3d00000, 0x00000000a3e00000|  0%| F|  |TAMS 0x00000000a3d00000| PB 0x00000000a3d00000| Untracked 
| 574|0x00000000a3e00000, 0x00000000a3e00000, 0x00000000a3f00000|  0%| F|  |TAMS 0x00000000a3e00000| PB 0x00000000a3e00000| Untracked 
| 575|0x00000000a3f00000, 0x00000000a3f00000, 0x00000000a4000000|  0%| F|  |TAMS 0x00000000a3f00000| PB 0x00000000a3f00000| Untracked 
| 576|0x00000000a4000000, 0x00000000a4000000, 0x00000000a4100000|  0%| F|  |TAMS 0x00000000a4000000| PB 0x00000000a4000000| Untracked 
| 577|0x00000000a4100000, 0x00000000a4100000, 0x00000000a4200000|  0%| F|  |TAMS 0x00000000a4100000| PB 0x00000000a4100000| Untracked 
| 578|0x00000000a4200000, 0x00000000a4200000, 0x00000000a4300000|  0%| F|  |TAMS 0x00000000a4200000| PB 0x00000000a4200000| Untracked 
| 579|0x00000000a4300000, 0x00000000a4300000, 0x00000000a4400000|  0%| F|  |TAMS 0x00000000a4300000| PB 0x00000000a4300000| Untracked 
| 580|0x00000000a4400000, 0x00000000a4400000, 0x00000000a4500000|  0%| F|  |TAMS 0x00000000a4400000| PB 0x00000000a4400000| Untracked 
| 581|0x00000000a4500000, 0x00000000a4500000, 0x00000000a4600000|  0%| F|  |TAMS 0x00000000a4500000| PB 0x00000000a4500000| Untracked 
| 582|0x00000000a4600000, 0x00000000a4600000, 0x00000000a4700000|  0%| F|  |TAMS 0x00000000a4600000| PB 0x00000000a4600000| Untracked 
| 583|0x00000000a4700000, 0x00000000a4700000, 0x00000000a4800000|  0%| F|  |TAMS 0x00000000a4700000| PB 0x00000000a4700000| Untracked 
| 584|0x00000000a4800000, 0x00000000a4800000, 0x00000000a4900000|  0%| F|  |TAMS 0x00000000a4800000| PB 0x00000000a4800000| Untracked 
| 585|0x00000000a4900000, 0x00000000a4900000, 0x00000000a4a00000|  0%| F|  |TAMS 0x00000000a4900000| PB 0x00000000a4900000| Untracked 
| 586|0x00000000a4a00000, 0x00000000a4a00000, 0x00000000a4b00000|  0%| F|  |TAMS 0x00000000a4a00000| PB 0x00000000a4a00000| Untracked 
| 587|0x00000000a4b00000, 0x00000000a4b00000, 0x00000000a4c00000|  0%| F|  |TAMS 0x00000000a4b00000| PB 0x00000000a4b00000| Untracked 
| 588|0x00000000a4c00000, 0x00000000a4c00000, 0x00000000a4d00000|  0%| F|  |TAMS 0x00000000a4c00000| PB 0x00000000a4c00000| Untracked 
| 589|0x00000000a4d00000, 0x00000000a4d00000, 0x00000000a4e00000|  0%| F|  |TAMS 0x00000000a4d00000| PB 0x00000000a4d00000| Untracked 
| 590|0x00000000a4e00000, 0x00000000a4e00000, 0x00000000a4f00000|  0%| F|  |TAMS 0x00000000a4e00000| PB 0x00000000a4e00000| Untracked 
| 591|0x00000000a4f00000, 0x00000000a4f00000, 0x00000000a5000000|  0%| F|  |TAMS 0x00000000a4f00000| PB 0x00000000a4f00000| Untracked 
|2035|0x00000000ff300000, 0x00000000ff300000, 0x00000000ff400000|  0%| F|  |TAMS 0x00000000ff300000| PB 0x00000000ff300000| Untracked 
|2036|0x00000000ff400000, 0x00000000ff400000, 0x00000000ff500000|  0%| F|  |TAMS 0x00000000ff400000| PB 0x00000000ff400000| Untracked 
|2037|0x00000000ff500000, 0x00000000ff500000, 0x00000000ff600000|  0%| F|  |TAMS 0x00000000ff500000| PB 0x00000000ff500000| Untracked 
|2038|0x00000000ff600000, 0x00000000ff600000, 0x00000000ff700000|  0%| F|  |TAMS 0x00000000ff600000| PB 0x00000000ff600000| Untracked 
|2039|0x00000000ff700000, 0x00000000ff700000, 0x00000000ff800000|  0%| F|  |TAMS 0x00000000ff700000| PB 0x00000000ff700000| Untracked 
|2040|0x00000000ff800000, 0x00000000ff800000, 0x00000000ff900000|  0%| F|  |TAMS 0x00000000ff800000| PB 0x00000000ff800000| Untracked 
|2041|0x00000000ff900000, 0x00000000ff900000, 0x00000000ffa00000|  0%| F|  |TAMS 0x00000000ff900000| PB 0x00000000ff900000| Untracked 
|2042|0x00000000ffa00000, 0x00000000ffa00000, 0x00000000ffb00000|  0%| F|  |TAMS 0x00000000ffa00000| PB 0x00000000ffa00000| Untracked 
|2043|0x00000000ffb00000, 0x00000000ffb00000, 0x00000000ffc00000|  0%| F|  |TAMS 0x00000000ffb00000| PB 0x00000000ffb00000| Untracked 
|2044|0x00000000ffc00000, 0x00000000ffc00000, 0x00000000ffd00000|  0%| F|  |TAMS 0x00000000ffc00000| PB 0x00000000ffc00000| Untracked 
|2045|0x00000000ffd00000, 0x00000000ffd00000, 0x00000000ffe00000|  0%| F|  |TAMS 0x00000000ffd00000| PB 0x00000000ffd00000| Untracked 
|2046|0x00000000ffe00000, 0x00000000ffe00000, 0x00000000fff00000|  0%| F|  |TAMS 0x00000000ffe00000| PB 0x00000000ffe00000| Untracked 
|2047|0x00000000fff00000, 0x0000000100000000, 0x0000000100000000|100%| O|  |TAMS 0x00000000fff00000| PB 0x00000000fff00000| Untracked 

Card table byte_map: [0x0000017050460000,0x0000017050860000] _byte_map_base: 0x0000017050060000

Marking Bits: (CMBitMap*) 0x00000170394134c0
 Bits: [0x0000017050c60000, 0x0000017052c60000)

Polling page: 0x00000170372d0000

Metaspace:

Usage:
  Non-class:    177.84 MB used.
      Class:     23.63 MB used.
       Both:    201.47 MB used.

Virtual space:
  Non-class space:      192.00 MB reserved,     181.38 MB ( 94%) committed,  3 nodes.
      Class space:      412.00 MB reserved,      25.75 MB (  6%) committed,  1 nodes.
             Both:      604.00 MB reserved,     207.12 MB ( 34%) committed. 

Chunk freelists:
   Non-Class:  4.89 MB
       Class:  3.35 MB
        Both:  8.24 MB

MaxMetaspaceSize: 512.00 MB
CompressedClassSpaceSize: 412.00 MB
Initial GC threshold: 21.00 MB
Current GC threshold: 345.25 MB
CDS: on
MetaspaceReclaimPolicy: balanced
 - commit_granule_bytes: 65536.
 - commit_granule_words: 8192.
 - virtual_space_node_default_size: 8388608.
 - enlarge_chunks_in_place: 1.
 - new_chunks_are_fully_committed: 0.
 - uncommit_free_chunks: 1.
 - use_allocation_guard: 0.


Internal statistics:

num_allocs_failed_limit: 6.
num_arena_births: 5682.
num_arena_deaths: 2370.
num_vsnodes_births: 4.
num_vsnodes_deaths: 0.
num_space_committed: 3312.
num_space_uncommitted: 0.
num_chunks_returned_to_freelist: 2737.
num_chunks_taken_from_freelist: 14578.
num_chunk_merges: 1006.
num_chunk_splits: 9995.
num_chunks_enlarged: 6834.
num_inconsistent_stats: 0.

CodeHeap 'non-profiled nmethods': size=120064Kb used=13809Kb max_used=20752Kb free=106254Kb
 bounds [0x0000017048f20000, 0x000001704a390000, 0x0000017050460000]
CodeHeap 'profiled nmethods': size=120000Kb used=20972Kb max_used=57765Kb free=99027Kb
 bounds [0x0000017041460000, 0x0000017044d00000, 0x0000017048990000]
CodeHeap 'non-nmethods': size=5696Kb used=3320Kb max_used=3380Kb free=2375Kb
 bounds [0x0000017048990000, 0x0000017048d00000, 0x0000017048f20000]
 total_blobs=12833 nmethods=11573 adapters=1168
 compilation: enabled
              stopped_count=0, restarted_count=0
 full_count=0

Compilation events (20 events):
Event: 2001.107 Thread 0x0000017054ff67f0 67913       4       org.objectweb.asm.Type::getArgumentTypes (94 bytes)
Event: 2001.142 Thread 0x0000017054ff67f0 nmethod 67913 0x00000170492f8d90 code [0x00000170492f8fe0, 0x00000170492fa1b8]
Event: 2001.563 Thread 0x0000017054ff67f0 67914       4       org.objectweb.asm.commons.CodeSizeEvaluator::visitInsn (26 bytes)
Event: 2001.564 Thread 0x0000017054ff67f0 nmethod 67914 0x0000017049398210 code [0x0000017049398380, 0x0000017049398438]
Event: 2001.834 Thread 0x0000017054ff67f0 67915   !   4       com.google.common.cache.LocalCache$Segment::get (122 bytes)
Event: 2001.865 Thread 0x0000017054ff67f0 nmethod 67915 0x0000017049879390 code [0x00000170498795c0, 0x000001704987a228]
Event: 2001.877 Thread 0x0000017054ff67f0 67916       4       org.gradle.api.internal.artifacts.transform.TransformStepSubject$Transformed::getInitialComponentIdentifier (8 bytes)
Event: 2001.877 Thread 0x0000017054ff67f0 nmethod 67916 0x00000170493a7f90 code [0x00000170493a8100, 0x00000170493a81a8]
Event: 2001.879 Thread 0x0000017054ffdd40 67917   !   3       java.security.SecureRandom::nextBytes (41 bytes)
Event: 2001.879 Thread 0x0000017054ffdd40 nmethod 67917 0x0000017041804610 code [0x00000170418047e0, 0x0000017041804b88]
Event: 2001.900 Thread 0x0000017054ff67f0 67918       4       com.google.common.cache.LocalCache::getIfPresent (49 bytes)
Event: 2001.904 Thread 0x0000017054ff67f0 nmethod 67918 0x0000017048f89490 code [0x0000017048f89620, 0x0000017048f898e0]
Event: 2001.949 Thread 0x0000017054ff67f0 67919       4       java.io.ObjectOutputStream$BlockDataOutputStream::writeShort (47 bytes)
Event: 2001.951 Thread 0x0000017054ff67f0 nmethod 67919 0x000001704941d210 code [0x000001704941d380, 0x000001704941d4e0]
Event: 2002.337 Thread 0x0000017054ff67f0 67920       4       org.gradle.internal.snapshot.impl.FileValueSnapshot::isolate (5 bytes)
Event: 2002.378 Thread 0x0000017054ff67f0 nmethod 67920 0x00000170490da790 code [0x00000170490da980, 0x00000170490db088]
Event: 2002.883 Thread 0x0000017054ffdd40 67921       3       org.gradle.internal.execution.impl.DefaultInputFingerprinter::fingerprintInputProperties (41 bytes)
Event: 2002.884 Thread 0x0000017054ffdd40 nmethod 67921 0x00000170415e9410 code [0x00000170415e95c0, 0x00000170415e98a8]
Event: 2003.117 Thread 0x0000017054ffdd40 67922       3       org.gradle.internal.snapshot.impl.HashCodeSnapshot::appendToHasher (14 bytes)
Event: 2003.118 Thread 0x0000017054ffdd40 nmethod 67922 0x00000170414a9690 code [0x00000170414a98a0, 0x00000170414a9fc8]

GC Heap History (20 events):
Event: 1790.582 GC heap after
{Heap after GC invocations=219 (full 0):
 garbage-first heap   total 618496K, used 233812K [0x0000000080000000, 0x0000000100000000)
  region size 1024K, 23 young (23552K), 23 survivors (23552K)
 Metaspace       used 208572K, committed 211840K, reserved 618496K
  class space    used 24756K, committed 26368K, reserved 421888K
}
Event: 1791.198 GC heap before
{Heap before GC invocations=219 (full 0):
 garbage-first heap   total 618496K, used 562516K [0x0000000080000000, 0x0000000100000000)
  region size 1024K, 344 young (352256K), 23 survivors (23552K)
 Metaspace       used 208572K, committed 211840K, reserved 618496K
  class space    used 24756K, committed 26368K, reserved 421888K
}
Event: 1791.242 GC heap after
{Heap after GC invocations=220 (full 0):
 garbage-first heap   total 618496K, used 230734K [0x0000000080000000, 0x0000000100000000)
  region size 1024K, 17 young (17408K), 17 survivors (17408K)
 Metaspace       used 208572K, committed 211840K, reserved 618496K
  class space    used 24756K, committed 26368K, reserved 421888K
}
Event: 1966.055 GC heap before
{Heap before GC invocations=221 (full 0):
 garbage-first heap   total 618496K, used 567629K [0x0000000080000000, 0x0000000100000000)
  region size 1024K, 347 young (355328K), 17 survivors (17408K)
 Metaspace       used 208780K, committed 212032K, reserved 618496K
  class space    used 24768K, committed 26368K, reserved 421888K
}
Event: 1966.257 GC heap after
{Heap after GC invocations=222 (full 0):
 garbage-first heap   total 618496K, used 213838K [0x0000000080000000, 0x0000000100000000)
  region size 1024K, 2 young (2048K), 2 survivors (2048K)
 Metaspace       used 208780K, committed 212032K, reserved 618496K
  class space    used 24768K, committed 26368K, reserved 421888K
}
Event: 1979.050 GC heap before
{Heap before GC invocations=222 (full 0):
 garbage-first heap   total 618496K, used 585550K [0x0000000080000000, 0x0000000100000000)
  region size 1024K, 362 young (370688K), 2 survivors (2048K)
 Metaspace       used 208809K, committed 212096K, reserved 618496K
  class space    used 24768K, committed 26368K, reserved 421888K
}
Event: 1979.186 GC heap after
{Heap after GC invocations=223 (full 0):
 garbage-first heap   total 618496K, used 219018K [0x0000000080000000, 0x0000000100000000)
  region size 1024K, 12 young (12288K), 12 survivors (12288K)
 Metaspace       used 208809K, committed 212096K, reserved 618496K
  class space    used 24768K, committed 26368K, reserved 421888K
}
Event: 1979.735 GC heap before
{Heap before GC invocations=223 (full 0):
 garbage-first heap   total 618496K, used 276362K [0x0000000080000000, 0x0000000100000000)
  region size 1024K, 68 young (69632K), 12 survivors (12288K)
 Metaspace       used 208811K, committed 212096K, reserved 618496K
  class space    used 24768K, committed 26368K, reserved 421888K
}
Event: 1979.822 GC heap after
{Heap after GC invocations=224 (full 0):
 garbage-first heap   total 618496K, used 219648K [0x0000000080000000, 0x0000000100000000)
  region size 1024K, 2 young (2048K), 2 survivors (2048K)
 Metaspace       used 208811K, committed 212096K, reserved 618496K
  class space    used 24768K, committed 26368K, reserved 421888K
}
Event: 1989.158 GC heap before
{Heap before GC invocations=225 (full 0):
 garbage-first heap   total 618496K, used 520703K [0x0000000080000000, 0x0000000100000000)
  region size 1024K, 295 young (302080K), 2 survivors (2048K)
 Metaspace       used 206525K, committed 212096K, reserved 618496K
  class space    used 24254K, committed 26368K, reserved 421888K
}
Event: 1989.188 GC heap after
{Heap after GC invocations=226 (full 0):
 garbage-first heap   total 618496K, used 227840K [0x0000000080000000, 0x0000000100000000)
  region size 1024K, 10 young (10240K), 10 survivors (10240K)
 Metaspace       used 206525K, committed 212096K, reserved 618496K
  class space    used 24254K, committed 26368K, reserved 421888K
}
Event: 1994.586 GC heap before
{Heap before GC invocations=226 (full 0):
 garbage-first heap   total 618496K, used 577024K [0x0000000080000000, 0x0000000100000000)
  region size 1024K, 350 young (358400K), 10 survivors (10240K)
 Metaspace       used 206546K, committed 212096K, reserved 618496K
  class space    used 24255K, committed 26368K, reserved 421888K
}
Event: 1994.800 GC heap after
{Heap after GC invocations=227 (full 0):
 garbage-first heap   total 619520K, used 250171K [0x0000000080000000, 0x0000000100000000)
  region size 1024K, 37 young (37888K), 37 survivors (37888K)
 Metaspace       used 206546K, committed 212096K, reserved 618496K
  class space    used 24255K, committed 26368K, reserved 421888K
}
Event: 1994.873 GC heap before
{Heap before GC invocations=227 (full 0):
 garbage-first heap   total 619520K, used 251195K [0x0000000080000000, 0x0000000100000000)
  region size 1024K, 38 young (38912K), 37 survivors (37888K)
 Metaspace       used 206546K, committed 212096K, reserved 618496K
  class space    used 24255K, committed 26368K, reserved 421888K
}
Event: 1994.975 GC heap after
{Heap after GC invocations=228 (full 0):
 garbage-first heap   total 619520K, used 251392K [0x0000000080000000, 0x0000000100000000)
  region size 1024K, 1 young (1024K), 1 survivors (1024K)
 Metaspace       used 206546K, committed 212096K, reserved 618496K
  class space    used 24255K, committed 26368K, reserved 421888K
}
Event: 1997.795 GC heap before
{Heap before GC invocations=229 (full 0):
 garbage-first heap   total 619520K, used 480768K [0x0000000080000000, 0x0000000100000000)
  region size 1024K, 227 young (232448K), 1 survivors (1024K)
 Metaspace       used 206301K, committed 212096K, reserved 618496K
  class space    used 24194K, committed 26368K, reserved 421888K
}
Event: 1997.815 GC heap after
{Heap after GC invocations=230 (full 0):
 garbage-first heap   total 619520K, used 251904K [0x0000000080000000, 0x0000000100000000)
  region size 1024K, 3 young (3072K), 3 survivors (3072K)
 Metaspace       used 206301K, committed 212096K, reserved 618496K
  class space    used 24194K, committed 26368K, reserved 421888K
}
Event: 2001.193 GC heap before
{Heap before GC invocations=230 (full 0):
 garbage-first heap   total 619520K, used 569344K [0x0000000080000000, 0x0000000100000000)
  region size 1024K, 313 young (320512K), 3 survivors (3072K)
 Metaspace       used 206301K, committed 212096K, reserved 618496K
  class space    used 24194K, committed 26368K, reserved 421888K
}
Event: 2001.484 GC heap after
{Heap after GC invocations=231 (full 0):
 garbage-first heap   total 619520K, used 250698K [0x0000000080000000, 0x0000000100000000)
  region size 1024K, 5 young (5120K), 5 survivors (5120K)
 Metaspace       used 206301K, committed 212096K, reserved 618496K
  class space    used 24194K, committed 26368K, reserved 421888K
}
Event: 2003.133 GC heap before
{Heap before GC invocations=231 (full 0):
 garbage-first heap   total 619520K, used 392010K [0x0000000080000000, 0x0000000100000000)
  region size 1024K, 143 young (146432K), 5 survivors (5120K)
 Metaspace       used 206301K, committed 212096K, reserved 618496K
  class space    used 24194K, committed 26368K, reserved 421888K
}

Dll operation events (16 events):
Event: 0.084 Loaded shared library C:\Program Files\Java\jdk-20\bin\java.dll
Event: 0.167 Loaded shared library C:\Program Files\Java\jdk-20\bin\jsvml.dll
Event: 0.656 Loaded shared library C:\Program Files\Java\jdk-20\bin\zip.dll
Event: 0.672 Loaded shared library C:\Program Files\Java\jdk-20\bin\instrument.dll
Event: 0.694 Loaded shared library C:\Program Files\Java\jdk-20\bin\net.dll
Event: 0.699 Loaded shared library C:\Program Files\Java\jdk-20\bin\nio.dll
Event: 0.730 Loaded shared library C:\Program Files\Java\jdk-20\bin\zip.dll
Event: 3.569 Loaded shared library C:\Program Files\Java\jdk-20\bin\jimage.dll
Event: 4.793 Loaded shared library C:\Program Files\Java\jdk-20\bin\verify.dll
Event: 5.151 Loaded shared library C:\Users\LENOVO\.gradle\native\1def1411415f61bf3af743bc5b6707747c0891f09f0c88961ee8f79bc544acac\windows-amd64\native-platform.dll
Event: 5.229 Loaded shared library C:\Users\LENOVO\.gradle\native\0.2.7\x86_64-windows-gnu\gradle-fileevents.dll
Event: 12.746 Loaded shared library C:\Program Files\Java\jdk-20\bin\management.dll
Event: 12.754 Loaded shared library C:\Program Files\Java\jdk-20\bin\management_ext.dll
Event: 13.458 Loaded shared library C:\Program Files\Java\jdk-20\bin\extnet.dll
Event: 14.121 Loaded shared library C:\Program Files\Java\jdk-20\bin\sunmscapi.dll
Event: 1283.034 Loaded shared library C:\Program Files\Java\jdk-20\bin\rmi.dll

Deoptimization events (20 events):
Event: 1991.826 Thread 0x000001706c2bb4e0 DEOPT PACKING pc=0x000001704977bb34 sp=0x00000057beafaf60
Event: 1991.827 Thread 0x000001706c2bb4e0 DEOPT UNPACKING pc=0x00000170489f9d1c sp=0x00000057beafaf00 mode 2
Event: 1992.050 Thread 0x000001705af03050 DEOPT PACKING pc=0x00000170426aad50 sp=0x00000057bbbf46f0
Event: 1992.050 Thread 0x000001705af03050 DEOPT UNPACKING pc=0x00000170489fa4a3 sp=0x00000057bbbf3bc0 mode 0
Event: 1994.222 Thread 0x000001706c2bb4e0 Uncommon trap: trap_request=0xffffff45 fr.pc=0x0000017049590594 relative=0x0000000000002af4
Event: 1994.224 Thread 0x000001706c2bb4e0 Uncommon trap: reason=unstable_if action=reinterpret pc=0x0000017049590594 method=org.gradle.internal.classpath.generated.InterceptorDeclaration_ConfigCacheJvmBytecode.visitMethodInsn(Lorg/gradle/model/internal/asm/MethodVisitorScope;Ljava/lang/String;ILj
Event: 1994.224 Thread 0x000001706c2bb4e0 DEOPT PACKING pc=0x0000017049590594 sp=0x00000057beafabc0
Event: 1994.224 Thread 0x000001706c2bb4e0 DEOPT UNPACKING pc=0x00000170489f9d1c sp=0x00000057beafab20 mode 2
Event: 1997.418 Thread 0x000001706c2bb4e0 Uncommon trap: trap_request=0xffffff45 fr.pc=0x0000017049c6ae24 relative=0x0000000000002c24
Event: 1997.418 Thread 0x000001706c2bb4e0 Uncommon trap: reason=unstable_if action=reinterpret pc=0x0000017049c6ae24 method=org.gradle.internal.classpath.generated.InterceptorDeclaration_ConfigCacheJvmBytecode.visitMethodInsn(Lorg/gradle/model/internal/asm/MethodVisitorScope;Ljava/lang/String;ILj
Event: 1997.419 Thread 0x000001706c2bb4e0 DEOPT PACKING pc=0x0000017049c6ae24 sp=0x00000057beafad00
Event: 1997.419 Thread 0x000001706c2bb4e0 DEOPT UNPACKING pc=0x00000170489f9d1c sp=0x00000057beafac60 mode 2
Event: 1999.967 Thread 0x000001705af03050 Uncommon trap: trap_request=0xffffff45 fr.pc=0x0000017049bf9970 relative=0x0000000000002db0
Event: 1999.967 Thread 0x000001705af03050 Uncommon trap: reason=unstable_if action=reinterpret pc=0x0000017049bf9970 method=org.gradle.internal.classpath.generated.InterceptorDeclaration_ConfigCacheJvmBytecode.visitMethodInsn(Lorg/gradle/model/internal/asm/MethodVisitorScope;Ljava/lang/String;ILj
Event: 1999.967 Thread 0x000001705af03050 DEOPT PACKING pc=0x0000017049bf9970 sp=0x00000057bbbf4030
Event: 1999.967 Thread 0x000001705af03050 DEOPT UNPACKING pc=0x00000170489f9d1c sp=0x00000057bbbf3f90 mode 2
Event: 2000.315 Thread 0x000001706c2bb4e0 Uncommon trap: trap_request=0xffffff45 fr.pc=0x00000170494d9884 relative=0x0000000000002da4
Event: 2000.315 Thread 0x000001706c2bb4e0 Uncommon trap: reason=unstable_if action=reinterpret pc=0x00000170494d9884 method=org.gradle.internal.classpath.generated.InterceptorDeclaration_ConfigCacheJvmBytecode.visitMethodInsn(Lorg/gradle/model/internal/asm/MethodVisitorScope;Ljava/lang/String;ILj
Event: 2000.315 Thread 0x000001706c2bb4e0 DEOPT PACKING pc=0x00000170494d9884 sp=0x00000057beafad00
Event: 2000.315 Thread 0x000001706c2bb4e0 DEOPT UNPACKING pc=0x00000170489f9d1c sp=0x00000057beafac60 mode 2

Classes loaded (20 events):
Event: 1428.301 Loading class java/rmi/server/Unreferenced
Event: 1430.683 Loading class java/rmi/server/Unreferenced done
Event: 1490.289 Loading class java/util/concurrent/ConcurrentLinkedQueue$Itr
Event: 1490.300 Loading class java/util/concurrent/ConcurrentLinkedQueue$Itr done
Event: 1558.006 Loading class java/util/AbstractMap$2
Event: 1558.007 Loading class java/util/AbstractMap$2 done
Event: 1558.007 Loading class java/util/AbstractMap$2$1
Event: 1558.007 Loading class java/util/AbstractMap$2$1 done
Event: 1591.302 Loading class sun/nio/cs/US_ASCII$Decoder
Event: 1592.041 Loading class sun/nio/cs/US_ASCII$Decoder done
Event: 1601.854 Loading class java/util/concurrent/locks/ReentrantReadWriteLock$Sync$HoldCounter
Event: 1601.857 Loading class java/util/concurrent/locks/ReentrantReadWriteLock$Sync$HoldCounter done
Event: 1696.341 Loading class com/sun/org/apache/xerces/internal/util/EncodingMap
Event: 1696.346 Loading class com/sun/org/apache/xerces/internal/util/EncodingMap done
Event: 1696.350 Loading class sun/nio/cs/ISO_8859_1$Decoder
Event: 1696.351 Loading class sun/nio/cs/ISO_8859_1$Decoder done
Event: 1713.515 Loading class java/util/Collections$ReverseComparator
Event: 1713.517 Loading class java/util/Collections$ReverseComparator done
Event: 1713.518 Loading class java/util/Collections$ReverseComparator2
Event: 1713.518 Loading class java/util/Collections$ReverseComparator2 done

Classes unloaded (20 events):
Event: 1995.962 Thread 0x0000017054fc5db0 Unloading class 0x0000000801392000 'java/lang/invoke/LambdaForm$MH+0x0000000801392000'
Event: 1995.962 Thread 0x0000017054fc5db0 Unloading class 0x0000000801391400 'java/lang/invoke/LambdaForm$MH+0x0000000801391400'
Event: 1995.962 Thread 0x0000017054fc5db0 Unloading class 0x000000080137d000 'java/lang/invoke/LambdaForm$MH+0x000000080137d000'
Event: 1995.962 Thread 0x0000017054fc5db0 Unloading class 0x000000080137c000 'java/lang/invoke/LambdaForm$MH+0x000000080137c000'
Event: 1995.962 Thread 0x0000017054fc5db0 Unloading class 0x000000080135d800 'java/lang/invoke/LambdaForm$MH+0x000000080135d800'
Event: 1995.962 Thread 0x0000017054fc5db0 Unloading class 0x0000000801340800 'java/lang/invoke/LambdaForm$MH+0x0000000801340800'
Event: 1995.962 Thread 0x0000017054fc5db0 Unloading class 0x0000000801324800 'java/lang/invoke/LambdaForm$MH+0x0000000801324800'
Event: 1995.962 Thread 0x0000017054fc5db0 Unloading class 0x0000000801324400 'java/lang/invoke/LambdaForm$MH+0x0000000801324400'
Event: 1995.962 Thread 0x0000017054fc5db0 Unloading class 0x0000000801304400 'java/lang/invoke/LambdaForm$MH+0x0000000801304400'
Event: 1995.962 Thread 0x0000017054fc5db0 Unloading class 0x00000008012a8400 'java/lang/invoke/LambdaForm$MH+0x00000008012a8400'
Event: 1995.962 Thread 0x0000017054fc5db0 Unloading class 0x00000008012a8000 'java/lang/invoke/LambdaForm$MH+0x00000008012a8000'
Event: 1995.962 Thread 0x0000017054fc5db0 Unloading class 0x00000008011c8000 'java/lang/invoke/LambdaForm$MH+0x00000008011c8000'
Event: 1995.962 Thread 0x0000017054fc5db0 Unloading class 0x00000008011c3c00 'java/lang/invoke/LambdaForm$MH+0x00000008011c3c00'
Event: 1995.962 Thread 0x0000017054fc5db0 Unloading class 0x00000008011c3800 'java/lang/invoke/LambdaForm$MH+0x00000008011c3800'
Event: 1995.962 Thread 0x0000017054fc5db0 Unloading class 0x00000008011c3400 'java/lang/invoke/LambdaForm$MH+0x00000008011c3400'
Event: 1995.962 Thread 0x0000017054fc5db0 Unloading class 0x00000008011c3000 'java/lang/invoke/LambdaForm$MH+0x00000008011c3000'
Event: 1995.962 Thread 0x0000017054fc5db0 Unloading class 0x00000008010f4400 'java/lang/invoke/LambdaForm$MH+0x00000008010f4400'
Event: 1995.962 Thread 0x0000017054fc5db0 Unloading class 0x00000008010f0400 'java/lang/invoke/LambdaForm$MH+0x00000008010f0400'
Event: 1995.962 Thread 0x0000017054fc5db0 Unloading class 0x00000008010f0000 'java/lang/invoke/LambdaForm$BMH+0x00000008010f0000'
Event: 1995.962 Thread 0x0000017054fc5db0 Unloading class 0x00000008010ec000 'java/lang/invoke/LambdaForm$MH+0x00000008010ec000'

Classes redefined (0 events):
No events

Internal exceptions (20 events):
Event: 1766.521 Thread 0x0000017073653880 Exception <a 'sun/nio/fs/WindowsException'{0x0000000096a501b8}> (0x0000000096a501b8) 
thrown [s\open\src\hotspot\share\prims\jni.cpp, line 519]
Event: 1766.566 Thread 0x0000017073653880 Exception <a 'sun/nio/fs/WindowsException'{0x0000000096a63c08}> (0x0000000096a63c08) 
thrown [s\open\src\hotspot\share\prims\jni.cpp, line 519]
Event: 1793.692 Thread 0x000001706c2bda10 Exception <a 'sun/nio/fs/WindowsException'{0x000000009c14b8c8}> (0x000000009c14b8c8) 
thrown [s\open\src\hotspot\share\prims\jni.cpp, line 519]
Event: 1793.782 Thread 0x000001706c2bda10 Exception <a 'sun/nio/fs/WindowsException'{0x000000009c0e2db0}> (0x000000009c0e2db0) 
thrown [s\open\src\hotspot\share\prims\jni.cpp, line 519]
Event: 1840.220 Thread 0x000001706c2bda10 Exception <a 'sun/nio/fs/WindowsException'{0x000000009ba0dd38}> (0x000000009ba0dd38) 
thrown [s\open\src\hotspot\share\prims\jni.cpp, line 519]
Event: 1840.223 Thread 0x000001706c2bda10 Exception <a 'sun/nio/fs/WindowsException'{0x000000009ba10880}> (0x000000009ba10880) 
thrown [s\open\src\hotspot\share\prims\jni.cpp, line 519]
Event: 1840.225 Thread 0x000001706c2bda10 Exception <a 'sun/nio/fs/WindowsException'{0x000000009ba13608}> (0x000000009ba13608) 
thrown [s\open\src\hotspot\share\prims\jni.cpp, line 519]
Event: 1840.230 Thread 0x000001706c2bda10 Exception <a 'sun/nio/fs/WindowsException'{0x000000009ba15b10}> (0x000000009ba15b10) 
thrown [s\open\src\hotspot\share\prims\jni.cpp, line 519]
Event: 1840.317 Thread 0x000001706c2bda10 Exception <a 'sun/nio/fs/WindowsException'{0x000000009ba31a40}> (0x000000009ba31a40) 
thrown [s\open\src\hotspot\share\prims\jni.cpp, line 519]
Event: 1840.350 Thread 0x0000017073653dd0 Exception <a 'sun/nio/fs/WindowsException'{0x000000009c39fdc8}> (0x000000009c39fdc8) 
thrown [s\open\src\hotspot\share\prims\jni.cpp, line 519]
Event: 1840.374 Thread 0x0000017073653dd0 Exception <a 'sun/nio/fs/WindowsException'{0x000000009c3a1fc8}> (0x000000009c3a1fc8) 
thrown [s\open\src\hotspot\share\prims\jni.cpp, line 519]
Event: 1840.374 Thread 0x0000017073653dd0 Exception <a 'sun/nio/fs/WindowsException'{0x000000009c3a41a0}> (0x000000009c3a41a0) 
thrown [s\open\src\hotspot\share\prims\jni.cpp, line 519]
Event: 1895.719 Thread 0x0000017073653dd0 Exception <a 'sun/nio/fs/WindowsException'{0x000000009ab5d910}> (0x000000009ab5d910) 
thrown [s\open\src\hotspot\share\prims\jni.cpp, line 519]
Event: 1895.721 Thread 0x0000017073653dd0 Exception <a 'sun/nio/fs/WindowsException'{0x000000009ab60340}> (0x000000009ab60340) 
thrown [s\open\src\hotspot\share\prims\jni.cpp, line 519]
Event: 1895.723 Thread 0x0000017073653dd0 Exception <a 'sun/nio/fs/WindowsException'{0x000000009ab62af0}> (0x000000009ab62af0) 
thrown [s\open\src\hotspot\share\prims\jni.cpp, line 519]
Event: 1895.724 Thread 0x0000017073653dd0 Exception <a 'sun/nio/fs/WindowsException'{0x000000009ab64fa8}> (0x000000009ab64fa8) 
thrown [s\open\src\hotspot\share\prims\jni.cpp, line 519]
Event: 1895.747 Thread 0x000001706c2bda10 Exception <a 'sun/nio/fs/WindowsException'{0x000000009aba8360}> (0x000000009aba8360) 
thrown [s\open\src\hotspot\share\prims\jni.cpp, line 519]
Event: 1991.659 Thread 0x000001706c2bb4e0 Exception <a 'sun/nio/fs/WindowsException'{0x000000009dcfb6b0}> (0x000000009dcfb6b0) 
thrown [s\open\src\hotspot\share\prims\jni.cpp, line 519]
Event: 1992.383 Thread 0x000001705af03050 Exception <a 'sun/nio/fs/WindowsException'{0x000000009b4c2990}> (0x000000009b4c2990) 
thrown [s\open\src\hotspot\share\prims\jni.cpp, line 519]
Event: 2003.068 Thread 0x000001706c2bb4e0 Exception <a 'sun/nio/fs/WindowsException'{0x000000009e570298}> (0x000000009e570298) 
thrown [s\open\src\hotspot\share\prims\jni.cpp, line 519]

VM Operations (20 events):
Event: 1995.034 Executing VM operation: G1CollectForAllocation done
Event: 1995.873 Executing VM operation: G1PauseRemark
Event: 1996.218 Executing VM operation: G1PauseRemark done
Event: 1996.587 Executing VM operation: G1PauseCleanup
Event: 1996.598 Executing VM operation: G1PauseCleanup done
Event: 1997.606 Executing VM operation: Cleanup
Event: 1997.608 Executing VM operation: Cleanup done
Event: 1997.794 Executing VM operation: G1CollectForAllocation
Event: 1997.794 Executing VM operation: G1CollectForAllocation done
Event: 1997.795 Executing VM operation: G1CollectForAllocation
Event: 1997.819 Executing VM operation: G1CollectForAllocation done
Event: 1999.820 Executing VM operation: Cleanup
Event: 1999.822 Executing VM operation: Cleanup done
Event: 2000.823 Executing VM operation: Cleanup
Event: 2000.823 Executing VM operation: Cleanup done
Event: 2001.192 Executing VM operation: G1CollectForAllocation
Event: 2001.489 Executing VM operation: G1CollectForAllocation done
Event: 2002.490 Executing VM operation: Cleanup
Event: 2002.490 Executing VM operation: Cleanup done
Event: 2003.133 Executing VM operation: G1CollectForAllocation

Events (20 events):
Event: 1996.205 Thread 0x0000017054fc5db0 flushing nmethod 0x0000017048fea290
Event: 1996.205 Thread 0x0000017054fc5db0 flushing nmethod 0x0000017048fd9810
Event: 1996.206 Thread 0x0000017054fc5db0 flushing nmethod 0x0000017048f6d390
Event: 1996.206 Thread 0x0000017054fc5db0 flushing nmethod 0x0000017048f6c810
Event: 1996.206 Thread 0x0000017054fc5db0 flushing nmethod 0x0000017048fbdf10
Event: 1996.206 Thread 0x0000017054fc5db0 flushing nmethod 0x0000017048fb5090
Event: 1996.206 Thread 0x0000017054fc5db0 flushing nmethod 0x0000017048fb4d90
Event: 1996.206 Thread 0x0000017054fc5db0 flushing nmethod 0x0000017048fb4990
Event: 1996.206 Thread 0x0000017054fc5db0 flushing nmethod 0x0000017048f9c690
Event: 1996.206 Thread 0x0000017054fc5db0 flushing nmethod 0x0000017048f8ab90
Event: 1996.206 Thread 0x0000017054fc5db0 flushing nmethod 0x0000017048f8a590
Event: 1996.206 Thread 0x0000017054fc5db0 flushing nmethod 0x0000017048f89490
Event: 1996.206 Thread 0x0000017054fc5db0 flushing nmethod 0x0000017048f6c390
Event: 1996.206 Thread 0x0000017054fc5db0 flushing nmethod 0x0000017048f6ba90
Event: 1996.206 Thread 0x0000017054fc5db0 flushing nmethod 0x0000017048f6b710
Event: 1996.206 Thread 0x0000017054fc5db0 flushing nmethod 0x0000017048f6b090
Event: 1996.206 Thread 0x0000017054fc5db0 flushing nmethod 0x0000017048f5f890
Event: 1996.206 Thread 0x0000017054fc5db0 flushing nmethod 0x0000017048f55090
Event: 1996.206 Thread 0x0000017054fc5db0 flushing nmethod 0x0000017048f28890
Event: 1996.206 Thread 0x0000017054fc5db0 flushing nmethod 0x0000017048f26090


Dynamic libraries:
0x00007ff6f9f60000 - 0x00007ff6f9f70000 	C:\Program Files\Java\jdk-20\bin\java.exe
0x00007ffdb9ea0000 - 0x00007ffdba108000 	C:\WINDOWS\SYSTEM32\ntdll.dll
0x00007ffdb96b0000 - 0x00007ffdb9779000 	C:\WINDOWS\System32\KERNEL32.DLL
0x00007ffdb68b0000 - 0x00007ffdb6ca1000 	C:\WINDOWS\System32\KERNELBASE.dll
0x00007ffdb7840000 - 0x00007ffdb798b000 	C:\WINDOWS\System32\ucrtbase.dll
0x00007ffda29b0000 - 0x00007ffda29cb000 	C:\Program Files\Java\jdk-20\bin\VCRUNTIME140.dll
0x00007ffda3ed0000 - 0x00007ffda3ee9000 	C:\Program Files\Java\jdk-20\bin\jli.dll
0x00007ffdb8c50000 - 0x00007ffdb8d04000 	C:\WINDOWS\System32\ADVAPI32.dll
0x00007ffdb98c0000 - 0x00007ffdb9969000 	C:\WINDOWS\System32\msvcrt.dll
0x00007ffdb9780000 - 0x00007ffdb9826000 	C:\WINDOWS\System32\sechost.dll
0x00007ffdb8ee0000 - 0x00007ffdb8ff8000 	C:\WINDOWS\System32\RPCRT4.dll
0x00007ffdb8d10000 - 0x00007ffdb8ed6000 	C:\WINDOWS\System32\USER32.dll
0x00007ffdb6cb0000 - 0x00007ffdb6cd7000 	C:\WINDOWS\System32\win32u.dll
0x00007ffdb9830000 - 0x00007ffdb985b000 	C:\WINDOWS\System32\GDI32.dll
0x00007ffdb6780000 - 0x00007ffdb68ab000 	C:\WINDOWS\System32\gdi32full.dll
0x00007ffdb6ce0000 - 0x00007ffdb6d83000 	C:\WINDOWS\System32\msvcp_win.dll
0x00007ffda4a30000 - 0x00007ffda4cc3000 	C:\WINDOWS\WinSxS\amd64_microsoft.windows.common-controls_6595b64144ccf1df_6.0.26100.7824_none_3e0870b2e3345462\COMCTL32.dll
0x00007ffda7a50000 - 0x00007ffda7a5b000 	C:\WINDOWS\SYSTEM32\VERSION.dll
0x00007ffdb8170000 - 0x00007ffdb81a1000 	C:\WINDOWS\System32\IMM32.DLL
0x00007ffdb0b30000 - 0x00007ffdb0b3c000 	C:\Program Files\Java\jdk-20\bin\vcruntime140_1.dll
0x00007ffd81100000 - 0x00007ffd8118e000 	C:\Program Files\Java\jdk-20\bin\msvcp140.dll
0x00007ffd3fb40000 - 0x00007ffd407d7000 	C:\Program Files\Java\jdk-20\bin\server\jvm.dll
0x00007ffdaa750000 - 0x00007ffdaa75a000 	C:\WINDOWS\SYSTEM32\WSOCK32.dll
0x00007ffdb9cd0000 - 0x00007ffdb9d44000 	C:\WINDOWS\System32\WS2_32.dll
0x00007ffd90ba0000 - 0x00007ffd90bd5000 	C:\WINDOWS\SYSTEM32\WINMM.dll
0x00007ffdb5520000 - 0x00007ffdb553b000 	C:\WINDOWS\SYSTEM32\kernel.appcore.dll
0x00007ffda5c50000 - 0x00007ffda5c5a000 	C:\Program Files\Java\jdk-20\bin\jimage.dll
0x00007ffdb48f0000 - 0x00007ffdb4b32000 	C:\WINDOWS\SYSTEM32\DBGHELP.DLL
0x00007ffdb7de0000 - 0x00007ffdb8166000 	C:\WINDOWS\System32\combase.dll
0x00007ffdb82c0000 - 0x00007ffdb8397000 	C:\WINDOWS\System32\OLEAUT32.dll
0x00007ffd8f190000 - 0x00007ffd8f1cb000 	C:\WINDOWS\SYSTEM32\dbgcore.DLL
0x00007ffdb7990000 - 0x00007ffdb7a35000 	C:\WINDOWS\System32\bcryptPrimitives.dll
0x00007ffda5aa0000 - 0x00007ffda5aae000 	C:\Program Files\Java\jdk-20\bin\instrument.dll
0x00007ffd887f0000 - 0x00007ffd88816000 	C:\Program Files\Java\jdk-20\bin\java.dll
0x00007ffd80000000 - 0x00007ffd800d7000 	C:\Program Files\Java\jdk-20\bin\jsvml.dll
0x00007ffdb8470000 - 0x00007ffdb8bc2000 	C:\WINDOWS\System32\SHELL32.dll
0x00007ffdb7ad0000 - 0x00007ffdb7c3a000 	C:\WINDOWS\System32\wintypes.dll
0x00007ffdb6fd0000 - 0x00007ffdb7833000 	C:\WINDOWS\System32\windows.storage.dll
0x00007ffdb9d60000 - 0x00007ffdb9e56000 	C:\WINDOWS\System32\SHCORE.dll
0x00007ffdb9970000 - 0x00007ffdb99d7000 	C:\WINDOWS\System32\shlwapi.dll
0x00007ffdb66a0000 - 0x00007ffdb66c9000 	C:\WINDOWS\SYSTEM32\profapi.dll
0x00007ffd88380000 - 0x00007ffd88398000 	C:\Program Files\Java\jdk-20\bin\zip.dll
0x00007ffd88360000 - 0x00007ffd88373000 	C:\Program Files\Java\jdk-20\bin\net.dll
0x00007ffda9020000 - 0x00007ffda9147000 	C:\WINDOWS\SYSTEM32\WINHTTP.dll
0x00007ffdb5a90000 - 0x00007ffdb5afb000 	C:\WINDOWS\system32\mswsock.dll
0x00007ffd88250000 - 0x00007ffd88266000 	C:\Program Files\Java\jdk-20\bin\nio.dll
0x00007ffda46a0000 - 0x00007ffda46b0000 	C:\Program Files\Java\jdk-20\bin\verify.dll
0x00007ffda2cc0000 - 0x00007ffda2ce7000 	C:\Users\LENOVO\.gradle\native\1def1411415f61bf3af743bc5b6707747c0891f09f0c88961ee8f79bc544acac\windows-amd64\native-platform.dll
0x00007ffd7ff80000 - 0x00007ffd7fff8000 	C:\Users\LENOVO\.gradle\native\0.2.7\x86_64-windows-gnu\gradle-fileevents.dll
0x00007ffda1c80000 - 0x00007ffda1c8a000 	C:\Program Files\Java\jdk-20\bin\management.dll
0x00007ffda1120000 - 0x00007ffda112b000 	C:\Program Files\Java\jdk-20\bin\management_ext.dll
0x00007ffdb8460000 - 0x00007ffdb8468000 	C:\WINDOWS\System32\PSAPI.DLL
0x00007ffdb5090000 - 0x00007ffdb50c4000 	C:\WINDOWS\SYSTEM32\IPHLPAPI.DLL
0x00007ffdb82b0000 - 0x00007ffdb82ba000 	C:\WINDOWS\System32\NSI.dll
0x00007ffda8ff0000 - 0x00007ffda900e000 	C:\WINDOWS\SYSTEM32\dhcpcsvc6.DLL
0x00007ffda8fc0000 - 0x00007ffda8fe3000 	C:\WINDOWS\SYSTEM32\dhcpcsvc.DLL
0x00007ffdb50d0000 - 0x00007ffdb51fc000 	C:\WINDOWS\SYSTEM32\DNSAPI.dll
0x00007ffd92ae0000 - 0x00007ffd92ae7000 	C:\Program Files\Java\jdk-20\bin\extnet.dll
0x00007ffdb5d60000 - 0x00007ffdb5d7b000 	C:\WINDOWS\SYSTEM32\CRYPTSP.dll
0x00007ffdb5480000 - 0x00007ffdb54b9000 	C:\WINDOWS\system32\rsaenh.dll
0x00007ffdb5b40000 - 0x00007ffdb5b6b000 	C:\WINDOWS\SYSTEM32\USERENV.dll
0x00007ffdb6670000 - 0x00007ffdb669a000 	C:\WINDOWS\SYSTEM32\bcrypt.dll
0x00007ffdb5d80000 - 0x00007ffdb5d8c000 	C:\WINDOWS\SYSTEM32\CRYPTBASE.dll
0x00007ffd8cf80000 - 0x00007ffd8cf8e000 	C:\Program Files\Java\jdk-20\bin\sunmscapi.dll
0x00007ffdb6d90000 - 0x00007ffdb6f07000 	C:\WINDOWS\System32\CRYPT32.dll
0x00007ffdb5f80000 - 0x00007ffdb5fb0000 	C:\WINDOWS\SYSTEM32\ncrypt.dll
0x00007ffdb5f30000 - 0x00007ffdb5f6f000 	C:\WINDOWS\SYSTEM32\NTASN1.dll
0x00007ffd92950000 - 0x00007ffd92958000 	C:\WINDOWS\system32\wshunix.dll
0x00007ffdb5640000 - 0x00007ffdb5676000 	C:\WINDOWS\SYSTEM32\ntmarta.dll
0x00007ffdaace0000 - 0x00007ffdaaceb000 	C:\Windows\System32\rasadhlp.dll
0x00007ffda5d50000 - 0x00007ffda5dd6000 	C:\WINDOWS\System32\fwpuclnt.dll
0x00007ffdb2fe0000 - 0x00007ffdb307e000 	C:\WINDOWS\system32\apphelp.dll
0x00007ffda3f30000 - 0x00007ffda3f37000 	C:\Program Files\Java\jdk-20\bin\rmi.dll

dbghelp: loaded successfully - version: 4.0.5 - missing functions: none
symbol engine: initialized successfully - sym options: 0x614 - pdb path: .;C:\Program Files\Java\jdk-20\bin;C:\WINDOWS\SYSTEM32;C:\WINDOWS\WinSxS\amd64_microsoft.windows.common-controls_6595b64144ccf1df_6.0.26100.7824_none_3e0870b2e3345462;C:\Program Files\Java\jdk-20\bin\server;C:\Users\LENOVO\.gradle\native\1def1411415f61bf3af743bc5b6707747c0891f09f0c88961ee8f79bc544acac\windows-amd64;C:\Users\LENOVO\.gradle\native\0.2.7\x86_64-windows-gnu

VM Arguments:
jvm_args: --add-opens=java.base/java.lang=ALL-UNNAMED --add-opens=java.base/java.lang.invoke=ALL-UNNAMED --add-opens=java.base/java.util=ALL-UNNAMED --add-opens=java.prefs/java.util.prefs=ALL-UNNAMED --add-exports=jdk.compiler/com.sun.tools.javac.api=ALL-UNNAMED --add-exports=jdk.compiler/com.sun.tools.javac.util=ALL-UNNAMED --add-opens=java.base/java.util=ALL-UNNAMED --add-opens=java.prefs/java.util.prefs=ALL-UNNAMED --add-opens=java.base/java.nio.charset=ALL-UNNAMED --add-opens=java.base/java.net=ALL-UNNAMED --add-opens=java.base/java.util.concurrent.atomic=ALL-UNNAMED --add-opens=java.xml/javax.xml.namespace=ALL-UNNAMED -XX:MaxMetaspaceSize=512m -Xmx2048m -Dfile.encoding=UTF-8 -Duser.country=FR -Duser.language=fr -Duser.variant -javaagent:C:\Users\LENOVO\.gradle\wrapper\dists\gradle-8.14.3-bin\cv11ve7ro1n3o1j4so8xd9n66\gradle-8.14.3\lib\agents\gradle-instrumentation-agent-8.14.3.jar 
java_command: org.gradle.launcher.daemon.bootstrap.GradleDaemon 8.14.3
java_class_path (initial): C:\Users\LENOVO\.gradle\wrapper\dists\gradle-8.14.3-bin\cv11ve7ro1n3o1j4so8xd9n66\gradle-8.14.3\lib\gradle-daemon-main-8.14.3.jar
Launcher Type: SUN_STANDARD

[Global flags]
     intx CICompilerCount                          = 2                                         {product} {ergonomic}
   size_t CompressedClassSpaceSize                 = 432013312                                 {product} {ergonomic}
     uint ConcGCThreads                            = 1                                         {product} {ergonomic}
     uint G1ConcRefinementThreads                  = 2                                         {product} {ergonomic}
   size_t G1HeapRegionSize                         = 1048576                                   {product} {ergonomic}
    uintx GCDrainStackTargetSize                   = 64                                        {product} {ergonomic}
   size_t InitialHeapSize                          = 65011712                                  {product} {ergonomic}
   size_t MarkStackSize                            = 4194304                                   {product} {ergonomic}
   size_t MaxHeapSize                              = 2147483648                                {product} {command line}
   size_t MaxMetaspaceSize                         = 536870912                                 {product} {command line}
   size_t MaxNewSize                               = 1287651328                                {product} {ergonomic}
   size_t MinHeapDeltaBytes                        = 1048576                                   {product} {ergonomic}
   size_t MinHeapSize                              = 8388608                                   {product} {ergonomic}
    uintx NonNMethodCodeHeapSize                   = 5826188                                {pd product} {ergonomic}
    uintx NonProfiledCodeHeapSize                  = 122916026                              {pd product} {ergonomic}
    uintx ProfiledCodeHeapSize                     = 122916026                              {pd product} {ergonomic}
    uintx ReservedCodeCacheSize                    = 251658240                              {pd product} {ergonomic}
     bool SegmentedCodeCache                       = true                                      {product} {ergonomic}
   size_t SoftMaxHeapSize                          = 2147483648                             {manageable} {ergonomic}
     bool UseCompressedClassPointers               = true                           {product lp64_product} {ergonomic}
     bool UseCompressedOops                        = true                           {product lp64_product} {ergonomic}
     bool UseG1GC                                  = true                                      {product} {ergonomic}
     bool UseLargePagesIndividualAllocation        = false                                  {pd product} {ergonomic}

Logging:
Log output configuration:
 #0: stdout all=warning uptime,level,tags foldmultilines=false
 #1: stderr all=off uptime,level,tags foldmultilines=false

Environment Variables:
PATH=C:\Program Files\Google\Chrome\Application;C:\Users\LENOVO\AppData\Local\Programs\Python\Python313\Scripts\;C:\Users\LENOVO\AppData\Local\Programs\Python\Python313\;C:\oraclexe\app\oracle\product\10.2.0\server\bin;C:\Program Files\Common Files\Oracle\Java\javapath;C:\WINDOWS\system32;C:\WINDOWS;C:\WINDOWS\System32\Wbem;C:\WINDOWS\System32\WindowsPowerShell\v1.0\;C:\WINDOWS\System32\OpenSSH\;C:\Users\LENOVO\Desktop\cours\python class;C:\xampp\php;C:\composer;C:\Program Files\Git\cmd;C:\Program Files\Git\mingw64\bin;C:\Program Files\Git\usr\bin;C:\Program Files\nodejs\;C:\ProgramData\chocolatey\bin;C:\Program Files\GitHub CLI\;C:\Users\LENOVO\AppData\Local\Microsoft\WindowsApps;C:\Users\LENOVO\AppData\Local\Programs\Microsoft VS Code\bin;C:\Users\LENOVO\AppData\Roaming\Composer\vendor\bin;C:\Users\LENOVO\AppData\Local\Programs\MiKTeX\miktex\bin\x64\;C:\Users\LENOVO\AppData\Roaming\npm;
USERNAME=LENOVO
OS=Windows_NT
PROCESSOR_IDENTIFIER=Intel64 Family 6 Model 122 Stepping 8, GenuineIntel
TMP=C:\Users\LENOVO\AppData\Local\Temp
TEMP=C:\Users\LENOVO\AppData\Local\Temp




---------------  S Y S T E M  ---------------

OS:
 Windows 11 , 64 bit Build 26100 (10.0.26100.7705)
OS uptime: 4 days 17:24 hours

CPU: total 2 (initial active 2) (2 cores per cpu, 1 threads per core) family 6 model 122 stepping 8 microcode 0x18, cx8, cmov, fxsr, mmx, 3dnowpref, sse, sse2, sse3, ssse3, sse4.1, sse4.2, popcnt, tsc, tscinvbit, aes, erms, clmul, sha, clflush, clflushopt, rdtscp, rdpid

Memory: 4k page, system-wide physical 3908M (539M free)
TotalPageFile size 11039M (AvailPageFile size 153M)
current process WorkingSet (physical memory assigned to process): 977M, peak: 983M
current process commit charge ("private bytes"): 1119M, peak: 1408M

vm_info: Java HotSpot(TM) 64-Bit Server VM (20.0.1+9-29) for windows-amd64 JRE (20.0.1+9-29), built on 2023-03-07T13:56:11Z by "mach5one" with MS VC++ 17.1 (VS2022)

END.
